path,date_time,Lat,Long,Alt
/OpenCamera/IMG_20230319_061819_DRO.jpg,2023:03:19 06:18:19,-12.114025111111111,-76.93738555555557,349.0
/OpenCamera/IMG_20230319_061825_DRO.jpg,2023:03:19 06:18:25,-12.114080416666667,-76.93737791666668,349.0
/OpenCamera/IMG_20230319_061832_DRO.jpg,2023:03:19 06:18:32,-12.114163388888889,-76.93738555555557,349.0
/OpenCamera/IMG_20230319_061839_DRO.jpg,2023:03:19 06:18:39,-12.114190083333334,-76.93731688888889,349.0
/OpenCamera/IMG_20230319_061846_DRO.jpg,2023:03:19 06:18:46,-12.114190083333334,-76.93725583333334,347.0
/OpenCamera/IMG_20230319_061853_DRO.jpg,2023:03:19 06:18:53,-12.114150027777777,-76.93717191666667,346.0
/OpenCamera/IMG_20230319_061900_DRO.jpg,2023:03:19 06:19:00,-12.114100444444444,-76.9371108888889,345.0
/OpenCamera/IMG_20230319_061907_DRO.jpg,2023:03:19 06:19:07,-12.114052749999999,-76.93700408333333,343.0
/OpenCamera/IMG_20230319_061914_DRO.jpg,2023:03:19 06:19:14,-12.113992666666666,-76.9369201388889,341.0
/OpenCamera/IMG_20230319_061921_DRO.jpg,2023:03:19 06:19:21,-12.113935444444444,-76.9368515,339.0
/OpenCamera/IMG_20230319_061927_DRO.jpg,2023:03:19 06:19:27,-12.113889694444444,-76.93679044444445,337.0
/OpenCamera/IMG_20230319_061934_DRO.jpg,2023:03:19 06:19:34,-12.11386488888889,-76.93670652777779,335.0
/OpenCamera/IMG_20230319_061941_DRO.jpg,2023:03:19 06:19:41,-12.113912555555554,-76.9366988888889,337.0
/OpenCamera/IMG_20230319_061948_DRO.jpg,2023:03:19 06:19:48,-12.113977416666666,-76.93666838888889,340.0
/OpenCamera/IMG_20230319_061954_DRO.jpg,2023:03:19 06:19:54,-12.11402986111111,-76.9366836388889,343.0
/OpenCamera/IMG_20230319_062000_DRO.jpg,2023:03:19 06:20:00,-12.114092805555556,-76.93672941666667,346.0
/OpenCamera/IMG_20230319_062007_DRO.jpg,2023:03:19 06:20:07,-12.114163388888889,-76.93679044444445,348.0
/OpenCamera/IMG_20230319_062013_DRO.jpg,2023:03:19 06:20:13,-12.11421775,-76.9368743888889,347.0
/OpenCamera/IMG_20230319_062020_DRO.jpg,2023:03:19 06:20:20,-12.114301666666666,-76.93698880555556,348.0
/OpenCamera/IMG_20230319_062027_DRO.jpg,2023:03:19 06:20:27,-12.114390361111111,-76.93710325,351.0
/OpenCamera/IMG_20230319_062034_DRO.jpg,2023:03:19 06:20:34,-12.114522916666667,-76.93721769444444,351.0
/OpenCamera/IMG_20230319_062041_DRO.jpg,2023:03:19 06:20:41,-12.114558194444443,-76.93731688888889,351.0
/OpenCamera/IMG_20230319_062048_DRO.jpg,2023:03:19 06:20:48,-12.114620194444445,-76.93740080555555,350.0
/OpenCamera/IMG_20230319_062054_DRO.jpg,2023:03:19 06:20:54,-12.114718416666665,-76.93748472222222,349.0
/OpenCamera/IMG_20230319_062102_DRO.jpg,2023:03:19 06:21:02,-12.114787083333333,-76.93757627777778,348.0
/OpenCamera/IMG_20230319_062108_DRO.jpg,2023:03:19 06:21:08,-12.114856694444445,-76.93763730555555,348.0
/OpenCamera/IMG_20230319_062115_DRO.jpg,2023:03:19 06:21:15,-12.114936805555555,-76.93772886111111,347.0
/OpenCamera/IMG_20230319_062122_DRO.jpg,2023:03:19 06:21:22,-12.114977833333333,-76.93778991666667,346.0
/OpenCamera/IMG_20230319_062129_DRO.jpg,2023:03:19 06:21:29,-12.115086555555555,-76.93789672222222,347.0
/OpenCamera/IMG_20230319_062135_DRO.jpg,2023:03:19 06:21:35,-12.115167611111112,-76.93798063888889,346.0
/OpenCamera/IMG_20230319_062143_DRO.jpg,2023:03:19 06:21:43,-12.115237222222222,-76.93806455555556,345.0
/OpenCamera/IMG_20230319_062149_DRO.jpg,2023:03:19 06:21:49,-12.11529825,-76.93816375,345.0
/OpenCamera/IMG_20230319_062156_DRO.jpg,2023:03:19 06:21:56,-12.115352611111112,-76.93823241666666,345.0
/OpenCamera/IMG_20230319_062202_DRO.jpg,2023:03:19 06:22:02,-12.115377416666666,-76.93831633333333,345.0
/OpenCamera/IMG_20230319_062210_DRO.jpg,2023:03:19 06:22:10,-12.115449888888888,-76.93840025,344.0
/OpenCamera/IMG_20230319_062217_DRO.jpg,2023:03:19 06:22:17,-12.115509972222222,-76.93847655555555,342.0
/OpenCamera/IMG_20230319_062224_DRO.jpg,2023:03:19 06:22:24,-12.115588166666667,-76.93856047222222,341.0
/OpenCamera/IMG_20230319_062231_DRO.jpg,2023:03:19 06:22:31,-12.115688305555555,-76.93868255555556,338.0
/OpenCamera/IMG_20230319_062238_DRO.jpg,2023:03:19 06:22:38,-12.11576461111111,-76.93877408333334,337.0
/OpenCamera/IMG_20230319_062244_DRO.jpg,2023:03:19 06:22:44,-12.115842805555555,-76.9388503888889,338.0
/OpenCamera/IMG_20230319_062251_DRO.jpg,2023:03:19 06:22:51,-12.115873333333333,-76.93898772222222,337.0
/OpenCamera/IMG_20230319_062257_DRO.jpg,2023:03:19 06:22:57,-12.115897166666667,-76.93907927777778,336.0
/OpenCamera/IMG_20230319_062304_DRO.jpg,2023:03:19 06:23:04,-12.11589525,-76.93913266666667,336.0
/OpenCamera/IMG_20230319_062310_DRO.jpg,2023:03:19 06:23:10,-12.115839944444444,-76.93917083333334,333.0
/OpenCamera/IMG_20230319_062317_DRO.jpg,2023:03:19 06:23:17,-12.1157665,-76.93927000000001,332.0
/OpenCamera/IMG_20230319_062323_DRO.jpg,2023:03:19 06:23:23,-12.115728361111112,-76.93933102777778,332.0
/OpenCamera/IMG_20230319_062329_DRO.jpg,2023:03:19 06:23:29,-12.115652083333332,-76.93940733333334,333.0
/OpenCamera/IMG_20230319_062336_DRO.jpg,2023:03:19 06:23:36,-12.115628222222222,-76.93948363888889,335.0
/OpenCamera/IMG_20230319_062343_DRO.jpg,2023:03:19 06:23:43,-12.115571972222222,-76.93950652777778,335.0
/OpenCamera/IMG_20230319_062350_DRO.jpg,2023:03:19 06:23:49,-12.115556694444445,-76.93953702777779,336.0
/OpenCamera/IMG_20230319_062356_DRO.jpg,2023:03:19 06:23:56,-12.11551761111111,-76.93962858333333,338.0
/OpenCamera/IMG_20230319_062402_DRO.jpg,2023:03:19 06:24:02,-12.115465138888888,-76.93973538888889,338.0
/OpenCamera/IMG_20230319_062408_DRO.jpg,2023:03:19 06:24:08,-12.115338305555555,-76.93984222222223,342.0
/OpenCamera/IMG_20230319_062415_DRO.jpg,2023:03:19 06:24:15,-12.115212416666667,-76.93996427777778,344.0
/OpenCamera/IMG_20230319_062422_DRO.jpg,2023:03:19 06:24:22,-12.115110388888889,-76.94008636111111,348.0
/OpenCamera/IMG_20230319_062429_DRO.jpg,2023:03:19 06:24:29,-12.115048388888889,-76.94015502777778,351.0
/OpenCamera/IMG_20230319_062436_DRO.jpg,2023:03:19 06:24:36,-12.11492536111111,-76.94030761111111,353.0
/OpenCamera/IMG_20230319_062443_DRO.jpg,2023:03:19 06:24:43,-12.114805222222222,-76.94038388888889,353.0
/OpenCamera/IMG_20230319_062450_DRO.jpg,2023:03:19 06:24:50,-12.114702222222222,-76.94050597222223,357.0
/OpenCamera/IMG_20230319_062456_DRO.jpg,2023:03:19 06:24:56,-12.114602083333333,-76.94057463888889,359.0
/OpenCamera/IMG_20230319_062503_DRO.jpg,2023:03:19 06:25:03,-12.11446475,-76.94065091666667,361.0
/OpenCamera/IMG_20230319_062509_DRO.jpg,2023:03:19 06:25:09,-12.114339805555556,-76.94076536111112,361.0
/OpenCamera/IMG_20230319_062516_DRO.jpg,2023:03:19 06:25:16,-12.114262555555555,-76.94081113888889,360.0
/OpenCamera/IMG_20230319_062522_DRO.jpg,2023:03:19 06:25:22,-12.114150027777777,-76.94091033333333,357.0
/OpenCamera/IMG_20230319_062529_DRO.jpg,2023:03:19 06:25:29,-12.114067055555555,-76.940979,355.0
/OpenCamera/IMG_20230319_062535_DRO.jpg,2023:03:19 06:25:35,-12.113924972222222,-76.94108580555556,353.0
/OpenCamera/IMG_20230319_062541_DRO.jpg,2023:03:19 06:25:41,-12.11392211111111,-76.94113158333333,351.0
/OpenCamera/IMG_20230319_062547_DRO.jpg,2023:03:19 06:25:47,-12.113882055555555,-76.94117736111112,348.0
/OpenCamera/IMG_20230319_062554_DRO.jpg,2023:03:19 06:25:54,-12.113857249999999,-76.94118497222223,348.0
/OpenCamera/IMG_20230319_062600_DRO.jpg,2023:03:19 06:26:00,-12.113742805555555,-76.94126891666667,346.0
/OpenCamera/IMG_20230319_062607_DRO.jpg,2023:03:19 06:26:07,-12.113701805555555,-76.94130705555555,346.0
/OpenCamera/IMG_20230319_062613_DRO.jpg,2023:03:19 06:26:13,-12.113590222222221,-76.94138336111112,347.0
/OpenCamera/IMG_20230319_062620_DRO.jpg,2023:03:19 06:26:20,-12.113447166666667,-76.9414443888889,343.0
/OpenCamera/IMG_20230319_062626_DRO.jpg,2023:03:19 06:26:26,-12.113254527777777,-76.94152830555556,339.0
/OpenCamera/IMG_20230319_062632_DRO.jpg,2023:03:19 06:26:32,-12.113186833333334,-76.94161222222223,338.0
/OpenCamera/IMG_20230319_062638_DRO.jpg,2023:03:19 06:26:38,-12.113078111111111,-76.94164275,336.0
/OpenCamera/IMG_20230319_062645_DRO.jpg,2023:03:19 06:26:45,-12.113022777777777,-76.94167327777778,334.0
/OpenCamera/IMG_20230319_062651_DRO.jpg,2023:03:19 06:26:51,-12.112930277777778,-76.94170377777778,333.0
/OpenCamera/IMG_20230319_062658_DRO.jpg,2023:03:19 06:26:58,-12.112842555555556,-76.94174191666667,333.0
/OpenCamera/IMG_20230319_062704_DRO.jpg,2023:03:19 06:27:04,-12.112711888888889,-76.94179533333333,334.0
/OpenCamera/IMG_20230319_062710_DRO.jpg,2023:03:19 06:27:10,-12.112606999999999,-76.94183347222223,333.0
/OpenCamera/IMG_20230319_062716_DRO.jpg,2023:03:19 06:27:16,-12.112515444444444,-76.94186400000001,331.0
/OpenCamera/IMG_20230319_062723_DRO.jpg,2023:03:19 06:27:23,-12.112442,-76.94189452777778,329.0
/OpenCamera/IMG_20230319_062729_DRO.jpg,2023:03:19 06:27:29,-12.11229513888889,-76.94197080555556,326.0
/OpenCamera/IMG_20230319_062737_DRO.jpg,2023:03:19 06:27:37,-12.1121845,-76.94201658333334,325.0
/OpenCamera/IMG_20230319_062744_DRO.jpg,2023:03:19 06:27:44,-12.112092,-76.94207761111112,326.0
/OpenCamera/IMG_20230319_062751_DRO.jpg,2023:03:19 06:27:51,-12.112003305555556,-76.94213866666666,326.0
/OpenCamera/IMG_20230319_062758_DRO.jpg,2023:03:19 06:27:58,-12.11184786111111,-76.94216155555556,326.0
/OpenCamera/IMG_20230319_062804_DRO.jpg,2023:03:19 06:28:04,-12.111726749999999,-76.94221494444444,324.0
/OpenCamera/IMG_20230319_062811_DRO.jpg,2023:03:19 06:28:11,-12.111638055555556,-76.94225311111111,324.0
/OpenCamera/IMG_20230319_062817_DRO.jpg,2023:03:19 06:28:17,-12.111530277777778,-76.9423065,324.0
/OpenCamera/IMG_20230319_062823_DRO.jpg,2023:03:19 06:28:23,-12.111416805555555,-76.94235227777779,324.0
/OpenCamera/IMG_20230319_062829_DRO.jpg,2023:03:19 06:28:29,-12.111311888888888,-76.94239805555556,324.0
/OpenCamera/IMG_20230319_062835_DRO.jpg,2023:03:19 06:28:35,-12.111227972222222,-76.94242858333334,325.0
/OpenCamera/IMG_20230319_062842_DRO.jpg,2023:03:19 06:28:42,-12.111112583333332,-76.94247436111111,324.0
/OpenCamera/IMG_20230319_062849_DRO.jpg,2023:03:19 06:28:49,-12.110982888888888,-76.94254302777779,329.0
/OpenCamera/IMG_20230319_062856_DRO.jpg,2023:03:19 06:28:56,-12.110912305555555,-76.94259641666667,331.0
/OpenCamera/IMG_20230319_062903_DRO.jpg,2023:03:19 06:29:03,-12.110848416666666,-76.94261930555555,330.0
/OpenCamera/IMG_20230319_062910_DRO.jpg,2023:03:19 06:29:10,-12.110739694444444,-76.94266508333334,328.0
/OpenCamera/IMG_20230319_062916_DRO.jpg,2023:03:19 06:29:16,-12.110636694444445,-76.94273375,325.0
/OpenCamera/IMG_20230319_062922_DRO.jpg,2023:03:19 06:29:22,-12.110485055555555,-76.94278716666668,322.0
/OpenCamera/IMG_20230319_062929_DRO.jpg,2023:03:19 06:29:29,-12.110346777777778,-76.94280241666667,321.0
/OpenCamera/IMG_20230319_062935_DRO.jpg,2023:03:19 06:29:35,-12.110255222222222,-76.94288633333333,321.0
/OpenCamera/IMG_20230319_062941_DRO.jpg,2023:03:19 06:29:41,-12.11018275,-76.94293211111112,322.0
/OpenCamera/IMG_20230319_062947_DRO.jpg,2023:03:19 06:29:47,-12.110048277777777,-76.94294736111111,321.0
/OpenCamera/IMG_20230319_062953_DRO.jpg,2023:03:19 06:29:53,-12.110001555555556,-76.9429931388889,323.0
/OpenCamera/IMG_20230319_063000_DRO.jpg,2023:03:19 06:30:00,-12.109865166666665,-76.94311522222223,323.0
/OpenCamera/IMG_20230319_063007_DRO.jpg,2023:03:19 06:30:07,-12.109822249999999,-76.94313811111111,318.0
/OpenCamera/IMG_20230319_063014_DRO.jpg,2023:03:19 06:30:14,-12.109727833333332,-76.943161,319.0
/OpenCamera/IMG_20230319_063020_DRO.jpg,2023:03:19 06:30:20,-12.109644888888889,-76.94319152777778,319.0
/OpenCamera/IMG_20230319_063027_DRO.jpg,2023:03:19 06:30:27,-12.109517083333333,-76.94322966666667,318.0
/OpenCamera/IMG_20230319_063034_DRO.jpg,2023:03:19 06:30:34,-12.109462722222222,-76.94326016666668,320.0
/OpenCamera/IMG_20230319_063040_DRO.jpg,2023:03:19 06:30:40,-12.109375,-76.94329833333333,320.0
/OpenCamera/IMG_20230319_063046_DRO.jpg,2023:03:19 06:30:46,-12.109285333333332,-76.94338225,317.0
/OpenCamera/IMG_20230319_063053_DRO.jpg,2023:03:19 06:30:53,-12.109208083333334,-76.94343566666667,319.0
/OpenCamera/IMG_20230319_063059_DRO.jpg,2023:03:19 06:30:59,-12.109120361111112,-76.94350433333334,320.0
/OpenCamera/IMG_20230319_063106_DRO.jpg,2023:03:19 06:31:06,-12.109047888888888,-76.94356536111111,319.0
/OpenCamera/IMG_20230319_063113_DRO.jpg,2023:03:19 06:31:13,-12.108918166666665,-76.94364163888889,319.0
/OpenCamera/IMG_20230319_063119_DRO.jpg,2023:03:19 06:31:19,-12.108857138888888,-76.94372558333333,319.0
/OpenCamera/IMG_20230319_063126_DRO.jpg,2023:03:19 06:31:26,-12.108798,-76.94379425000001,317.0
/OpenCamera/IMG_20230319_063132_DRO.jpg,2023:03:19 06:31:32,-12.108628249999999,-76.94386288888889,315.0
/OpenCamera/IMG_20230319_063139_DRO.jpg,2023:03:19 06:31:39,-12.108550055555556,-76.94393155555557,314.0
/OpenCamera/IMG_20230319_063146_DRO.jpg,2023:03:19 06:31:46,-12.108514777777778,-76.9440155,316.0
/OpenCamera/IMG_20230319_063152_DRO.jpg,2023:03:19 06:31:52,-12.108409861111111,-76.94406888888889,316.0
/OpenCamera/IMG_20230319_063159_DRO.jpg,2023:03:19 06:31:59,-12.10827825,-76.94412230555555,317.0
/OpenCamera/IMG_20230319_063205_DRO.jpg,2023:03:19 06:32:05,-12.108169555555556,-76.94422147222222,318.0
/OpenCamera/IMG_20230319_063211_DRO.jpg,2023:03:19 06:32:11,-12.108098027777777,-76.94437408333334,317.0
/OpenCamera/IMG_20230319_063218_DRO.jpg,2023:03:19 06:32:18,-12.108019805555555,-76.94443511111112,317.0
/OpenCamera/IMG_20230319_063225_DRO.jpg,2023:03:19 06:32:25,-12.107937805555554,-76.94454191666667,318.0
/OpenCamera/IMG_20230319_063231_DRO.jpg,2023:03:19 06:32:31,-12.107888194444444,-76.944664,319.0
/OpenCamera/IMG_20230319_063238_DRO.jpg,2023:03:19 06:32:38,-12.107865333333333,-76.94480894444445,317.0
/OpenCamera/IMG_20230319_063244_DRO.jpg,2023:03:19 06:32:44,-12.10782336111111,-76.9449005,316.0
/OpenCamera/IMG_20230319_063251_DRO.jpg,2023:03:19 06:32:51,-12.107762333333334,-76.94494627777779,315.0
/OpenCamera/IMG_20230319_063258_DRO.jpg,2023:03:19 06:32:58,-12.107751833333333,-76.94503019444444,311.0
/OpenCamera/IMG_20230319_063305_DRO.jpg,2023:03:19 06:33:05,-12.10763261111111,-76.94517516666667,305.0
/OpenCamera/IMG_20230319_063311_DRO.jpg,2023:03:19 06:33:11,-12.107540111111112,-76.94528961111112,304.0
/OpenCamera/IMG_20230319_063318_DRO.jpg,2023:03:19 06:33:18,-12.107487666666666,-76.94541166666667,304.0
/OpenCamera/IMG_20230319_063324_DRO.jpg,2023:03:19 06:33:24,-12.107461916666667,-76.94548033333334,302.0
/OpenCamera/IMG_20230319_063331_DRO.jpg,2023:03:19 06:33:31,-12.107406611111111,-76.94557188888889,299.0
/OpenCamera/IMG_20230319_063337_DRO.jpg,2023:03:19 06:33:37,-12.107324583333334,-76.94571683333334,292.0
/OpenCamera/IMG_20230319_063344_DRO.jpg,2023:03:19 06:33:44,-12.107248305555554,-76.94580838888889,288.0
/OpenCamera/IMG_20230319_063351_DRO.jpg,2023:03:19 06:33:51,-12.107134805555555,-76.94593047222223,284.0
/OpenCamera/IMG_20230319_063357_DRO.jpg,2023:03:19 06:33:57,-12.107016555555555,-76.94608305555556,285.0
/OpenCamera/IMG_20230319_063404_DRO.jpg,2023:03:19 06:34:04,-12.106960277777777,-76.94615172222223,283.0
/OpenCamera/IMG_20230319_063411_DRO.jpg,2023:03:19 06:34:11,-12.106920222222222,-76.9461975,282.0
/OpenCamera/IMG_20230319_063417_DRO.jpg,2023:03:19 06:34:17,-12.106804833333333,-76.94631955555556,283.0
/OpenCamera/IMG_20230319_063424_DRO.jpg,2023:03:19 06:34:24,-12.106695166666666,-76.9464035,283.0
/OpenCamera/IMG_20230319_063430_DRO.jpg,2023:03:19 06:34:30,-12.106632222222222,-76.94647977777778,281.0
/OpenCamera/IMG_20230319_063437_DRO.jpg,2023:03:19 06:34:37,-12.10656261111111,-76.94654080555556,277.0
/OpenCamera/IMG_20230319_063443_DRO.jpg,2023:03:19 06:34:43,-12.10648536111111,-76.94663236111111,274.0
/OpenCamera/IMG_20230319_063450_DRO.jpg,2023:03:19 06:34:50,-12.106431944444443,-76.94670866666667,272.0
/OpenCamera/IMG_20230319_063456_DRO.jpg,2023:03:19 06:34:56,-12.106287,-76.94675444444445,272.0
/OpenCamera/IMG_20230319_063502_DRO.jpg,2023:03:19 06:35:02,-12.106133444444444,-76.94686125,273.0
/OpenCamera/IMG_20230319_063509_DRO.jpg,2023:03:19 06:35:09,-12.106064777777778,-76.94691466666667,276.0
/OpenCamera/IMG_20230319_063516_DRO.jpg,2023:03:19 06:35:16,-12.106007555555555,-76.94696044444444,278.0
/OpenCamera/IMG_20230319_063523_DRO.jpg,2023:03:19 06:35:23,-12.10585975,-76.94704436111111,276.0
/OpenCamera/IMG_20230319_063529_DRO.jpg,2023:03:19 06:35:29,-12.105736722222222,-76.94708250000001,276.0
/OpenCamera/IMG_20230319_063536_DRO.jpg,2023:03:19 06:35:36,-12.105699527777777,-76.94713591666667,273.0
/OpenCamera/IMG_20230319_063544_DRO.jpg,2023:03:19 06:35:44,-12.10569475,-76.94712827777778,272.0
/OpenCamera/IMG_20230319_063551_DRO.jpg,2023:03:19 06:35:51,-12.105471611111112,-76.94725036111112,271.0
/OpenCamera/IMG_20230319_063557_DRO.jpg,2023:03:19 06:35:57,-12.105298027777778,-76.94733427777778,269.0
/OpenCamera/IMG_20230319_063604_DRO.jpg,2023:03:19 06:36:04,-12.105217916666666,-76.94738769444444,272.0
/OpenCamera/IMG_20230319_063610_DRO.jpg,2023:03:19 06:36:10,-12.105119694444443,-76.94744108333333,269.0
/OpenCamera/IMG_20230319_063617_DRO.jpg,2023:03:19 06:36:17,-12.104968055555554,-76.94754027777778,271.0
/OpenCamera/IMG_20230319_063623_DRO.jpg,2023:03:19 06:36:23,-12.10491463888889,-76.94757841666667,269.0
/OpenCamera/IMG_20230319_063630_DRO.jpg,2023:03:19 06:36:30,-12.104784944444445,-76.94761655555556,268.0
/OpenCamera/IMG_20230319_063636_DRO.jpg,2023:03:19 06:36:36,-12.104661916666666,-76.94763183333333,265.0
/OpenCamera/IMG_20230319_063643_DRO.jpg,2023:03:19 06:36:43,-12.104684805555555,-76.94766233333334,263.0
/OpenCamera/IMG_20230319_063651_DRO.jpg,2023:03:19 06:36:51,-12.10467336111111,-76.947731,260.0
/OpenCamera/IMG_20230319_063658_DRO.jpg,2023:03:19 06:36:58,-12.104519833333333,-76.94787597222222,260.0
/OpenCamera/IMG_20230319_063704_DRO.jpg,2023:03:19 06:37:04,-12.104407305555554,-76.94792175,257.0
/OpenCamera/IMG_20230319_063711_DRO.jpg,2023:03:19 06:37:11,-12.104312888888888,-76.94795225,255.0
/OpenCamera/IMG_20230319_063717_DRO.jpg,2023:03:19 06:37:17,-12.104192722222221,-76.94801330555556,256.0
/OpenCamera/IMG_20230319_063724_DRO.jpg,2023:03:19 06:37:24,-12.104182222222223,-76.94808958333334,259.0
/OpenCamera/IMG_20230319_063730_DRO.jpg,2023:03:19 06:37:30,-12.104149805555556,-76.94812011111111,259.0
/OpenCamera/IMG_20230319_063737_DRO.jpg,2023:03:19 06:37:37,-12.10405825,-76.94821166666667,258.0
/OpenCamera/IMG_20230319_063743_DRO.jpg,2023:03:19 06:37:43,-12.103972416666666,-76.94827269444446,258.0
/OpenCamera/IMG_20230319_063750_DRO.jpg,2023:03:19 06:37:50,-12.103893277777777,-76.94824216666667,259.0
/OpenCamera/IMG_20230319_063756_DRO.jpg,2023:03:19 06:37:56,-12.103796944444444,-76.9481658888889,261.0
/OpenCamera/IMG_20230319_063802_DRO.jpg,2023:03:19 06:38:02,-12.10377311111111,-76.94821166666667,261.0
/OpenCamera/IMG_20230319_063809_DRO.jpg,2023:03:19 06:38:09,-12.103667249999999,-76.94831083333334,260.0
/OpenCamera/IMG_20230319_063816_DRO.jpg,2023:03:19 06:38:16,-12.103567111111111,-76.9484176388889,260.0
/OpenCamera/IMG_20230319_063822_DRO.jpg,2023:03:19 06:38:22,-12.103434555555555,-76.94851683333334,261.0
/OpenCamera/IMG_20230319_063829_DRO.jpg,2023:03:19 06:38:29,-12.103400222222222,-76.94855497222223,262.0
/OpenCamera/IMG_20230319_063835_DRO.jpg,2023:03:19 06:38:35,-12.103295305555555,-76.94862363888889,265.0
/OpenCamera/IMG_20230319_063842_DRO.jpg,2023:03:19 06:38:42,-12.10322188888889,-76.94869230555555,266.0
/OpenCamera/IMG_20230319_063848_DRO.jpg,2023:03:19 06:38:48,-12.103130333333333,-76.94873044444445,267.0
/OpenCamera/IMG_20230319_063855_DRO.jpg,2023:03:19 06:38:55,-12.103072138888889,-76.94881438888889,267.0
/OpenCamera/IMG_20230319_063902_DRO.jpg,2023:03:19 06:39:02,-12.102972027777778,-76.94891355555556,265.0
/OpenCamera/IMG_20230319_063908_DRO.jpg,2023:03:19 06:39:08,-12.102849944444444,-76.94898222222223,266.0
/OpenCamera/IMG_20230319_063915_DRO.jpg,2023:03:19 06:39:15,-12.10278986111111,-76.94900511111112,266.0
/OpenCamera/IMG_20230319_063922_DRO.jpg,2023:03:19 06:39:22,-12.102675416666667,-76.94908141666667,265.0
/OpenCamera/IMG_20230319_063928_DRO.jpg,2023:03:19 06:39:28,-12.102587694444445,-76.94914244444445,265.0
/OpenCamera/IMG_20230319_063935_DRO.jpg,2023:03:19 06:39:35,-12.102547638888888,-76.94917297222223,263.0
/OpenCamera/IMG_20230319_063942_DRO.jpg,2023:03:19 06:39:42,-12.102498027777777,-76.949234,258.0
/OpenCamera/IMG_20230319_063948_DRO.jpg,2023:03:19 06:39:48,-12.102466583333333,-76.94922636111112,258.0
/OpenCamera/IMG_20230319_063955_DRO.jpg,2023:03:19 06:39:55,-12.102458,-76.94921875,259.0
/OpenCamera/IMG_20230319_064001_DRO.jpg,2023:03:19 06:40:01,-12.10232161111111,-76.94927213888889,260.0
/OpenCamera/IMG_20230319_064008_DRO.jpg,2023:03:19 06:40:08,-12.102172833333332,-76.94929502777778,259.0
/OpenCamera/IMG_20230319_064015_DRO.jpg,2023:03:19 06:40:15,-12.101949666666666,-76.94936369444444,262.0
/OpenCamera/IMG_20230319_064022_DRO.jpg,2023:03:19 06:40:22,-12.101793277777777,-76.94941711111112,264.0
/OpenCamera/IMG_20230319_064029_DRO.jpg,2023:03:19 06:40:29,-12.101648305555555,-76.94944000000001,266.0
/OpenCamera/IMG_20230319_064035_DRO.jpg,2023:03:19 06:40:35,-12.101530055555555,-76.94950866666667,264.0
/OpenCamera/IMG_20230319_064041_DRO.jpg,2023:03:19 06:40:41,-12.101463305555555,-76.94956969444445,263.0
/OpenCamera/IMG_20230319_064048_DRO.jpg,2023:03:19 06:40:48,-12.101396555555555,-76.94962308333334,261.0
/OpenCamera/IMG_20230319_064055_DRO.jpg,2023:03:19 06:40:55,-12.10132311111111,-76.94961547222222,261.0
/OpenCamera/IMG_20230319_064101_DRO.jpg,2023:03:19 06:41:01,-12.10121725,-76.94966886111112,261.0
/OpenCamera/IMG_20230319_064109_DRO.jpg,2023:03:19 06:41:09,-12.101104722222221,-76.94969938888889,258.0
/OpenCamera/IMG_20230319_064115_DRO.jpg,2023:03:19 06:41:15,-12.100981694444444,-76.94978330555556,258.0
/OpenCamera/IMG_20230319_064122_DRO.jpg,2023:03:19 06:41:22,-12.100897777777778,-76.94982147222223,257.0
/OpenCamera/IMG_20230319_064128_DRO.jpg,2023:03:19 06:41:28,-12.100842472222222,-76.94985961111111,256.0
/OpenCamera/IMG_20230319_064135_DRO.jpg,2023:03:19 06:41:35,-12.100736611111111,-76.94989775,256.0
/OpenCamera/IMG_20230319_064141_DRO.jpg,2023:03:19 06:41:41,-12.100605,-76.94993588888889,252.0
/OpenCamera/IMG_20230319_064148_DRO.jpg,2023:03:19 06:41:48,-12.100518222222222,-76.94998930555556,252.0
/OpenCamera/IMG_20230319_064154_DRO.jpg,2023:03:19 06:41:54,-12.100500083333333,-76.95003508333333,249.0
/OpenCamera/IMG_20230319_064200_DRO.jpg,2023:03:19 06:42:00,-12.100402805555555,-76.95006561111111,250.0
/OpenCamera/IMG_20230319_064207_DRO.jpg,2023:03:19 06:42:07,-12.100292194444444,-76.95007322222223,249.0
/OpenCamera/IMG_20230319_064213_DRO.jpg,2023:03:19 06:42:13,-12.100225444444444,-76.95012663888889,249.0
/OpenCamera/IMG_20230319_064220_DRO.jpg,2023:03:19 06:42:20,-12.100112888888889,-76.95018002777778,248.0
/OpenCamera/IMG_20230319_064227_DRO.jpg,2023:03:19 06:42:27,-12.100032805555555,-76.95021055555556,248.0
/OpenCamera/IMG_20230319_064233_DRO.jpg,2023:03:19 06:42:33,-12.099862083333335,-76.95027922222222,252.0
/OpenCamera/IMG_20230319_064240_DRO.jpg,2023:03:19 06:42:40,-12.099720000000001,-76.95034025,255.0
/OpenCamera/IMG_20230319_064247_DRO.jpg,2023:03:19 06:42:47,-12.099635111111112,-76.95037077777778,254.0
/OpenCamera/IMG_20230319_064253_DRO.jpg,2023:03:19 06:42:53,-12.099496833333333,-76.95046233333333,256.0
/OpenCamera/IMG_20230319_064300_DRO.jpg,2023:03:19 06:43:00,-12.099340416666667,-76.950531,256.0
/OpenCamera/IMG_20230319_064307_DRO.jpg,2023:03:19 06:43:07,-12.099214527777779,-76.95058438888888,255.0
/OpenCamera/IMG_20230319_064313_DRO.jpg,2023:03:19 06:43:13,-12.099122027777778,-76.95063016666667,258.0
/OpenCamera/IMG_20230319_064320_DRO.jpg,2023:03:19 06:43:20,-12.09905813888889,-76.95063016666667,259.0
/OpenCamera/IMG_20230319_064326_DRO.jpg,2023:03:19 06:43:26,-12.098912222222223,-76.95066833333334,257.0
/OpenCamera/IMG_20230319_064332_DRO.jpg,2023:03:19 06:43:32,-12.098794916666668,-76.95074461111112,257.0
/OpenCamera/IMG_20230319_064339_DRO.jpg,2023:03:19 06:43:39,-12.098727222222223,-76.9508056388889,256.0
/OpenCamera/IMG_20230319_064345_DRO.jpg,2023:03:19 06:43:45,-12.098617527777778,-76.95082852777779,256.0
/OpenCamera/IMG_20230319_064352_DRO.jpg,2023:03:19 06:43:52,-12.098554611111112,-76.95082852777779,254.0
/OpenCamera/IMG_20230319_064358_DRO.jpg,2023:03:19 06:43:58,-12.09848975,-76.95090483333334,252.0
/OpenCamera/IMG_20230319_064404_DRO.jpg,2023:03:19 06:44:04,-12.098382944444445,-76.95094297222222,256.0
/OpenCamera/IMG_20230319_064410_DRO.jpg,2023:03:19 06:44:10,-12.098290416666668,-76.95098875000001,255.0
/OpenCamera/IMG_20230319_064417_DRO.jpg,2023:03:19 06:44:17,-12.098207472222223,-76.95103452777778,252.0
/OpenCamera/IMG_20230319_064425_DRO.jpg,2023:03:19 06:44:25,-12.09808538888889,-76.95112608333334,252.0
/OpenCamera/IMG_20230319_064431_DRO.jpg,2023:03:19 06:44:31,-12.09796713888889,-76.95115661111112,257.0
/OpenCamera/IMG_20230319_064438_DRO.jpg,2023:03:19 06:44:38,-12.09787463888889,-76.95119475,257.0
/OpenCamera/IMG_20230319_064445_DRO.jpg,2023:03:19 06:44:45,-12.097731583333333,-76.95127866666667,258.0
/OpenCamera/IMG_20230319_064452_DRO.jpg,2023:03:19 06:44:52,-12.097595194444445,-76.95132444444445,255.0
/OpenCamera/IMG_20230319_064458_DRO.jpg,2023:03:19 06:44:58,-12.09743688888889,-76.95138547222223,265.0
/OpenCamera/IMG_20230319_064505_DRO.jpg,2023:03:19 06:45:05,-12.097327222222223,-76.95145413888889,269.0
/OpenCamera/IMG_20230319_064512_DRO.jpg,2023:03:19 06:45:12,-12.097209916666667,-76.95150755555557,270.0
/OpenCamera/IMG_20230319_064519_DRO.jpg,2023:03:19 06:45:19,-12.09711836111111,-76.95153808333333,266.0
/OpenCamera/IMG_20230319_064526_DRO.jpg,2023:03:19 06:45:26,-12.09710025,-76.95158386111112,263.0
/OpenCamera/IMG_20230319_064532_DRO.jpg,2023:03:19 06:45:32,-12.09698961111111,-76.95162961111112,257.0
/OpenCamera/IMG_20230319_064539_DRO.jpg,2023:03:19 06:45:39,-12.096844666666668,-76.9516601388889,259.0
/OpenCamera/IMG_20230319_064546_DRO.jpg,2023:03:19 06:45:46,-12.096813194444445,-76.95166777777779,260.0
/OpenCamera/IMG_20230319_064552_DRO.jpg,2023:03:19 06:45:52,-12.096672055555556,-76.95170591666667,255.0
/OpenCamera/IMG_20230319_064558_DRO.jpg,2023:03:19 06:45:58,-12.096517555555556,-76.95177458333333,253.0
/OpenCamera/IMG_20230319_064605_DRO.jpg,2023:03:19 06:46:05,-12.096363055555557,-76.95183561111111,254.0
/OpenCamera/IMG_20230319_064612_DRO.jpg,2023:03:19 06:46:12,-12.096199972222223,-76.95194241666667,260.0
/OpenCamera/IMG_20230319_064620_DRO.jpg,2023:03:19 06:46:20,-12.096082666666668,-76.95201108333333,263.0
/OpenCamera/IMG_20230319_064628_DRO.jpg,2023:03:19 06:46:28,-12.09593675,-76.9520645,264.0
/OpenCamera/IMG_20230319_064634_DRO.jpg,2023:03:19 06:46:34,-12.095865250000001,-76.9520873888889,263.0
/OpenCamera/IMG_20230319_064641_DRO.jpg,2023:03:19 06:46:41,-12.095848083333333,-76.95215605555556,264.0
/OpenCamera/IMG_20230319_064647_DRO.jpg,2023:03:19 06:46:47,-12.095685000000001,-76.95220183333333,261.0
/OpenCamera/IMG_20230319_064653_DRO.jpg,2023:03:19 06:46:53,-12.095595333333334,-76.95223233333334,262.0
/OpenCamera/IMG_20230319_064700_DRO.jpg,2023:03:19 06:47:00,-12.095509527777779,-76.95220183333333,260.0
/OpenCamera/IMG_20230319_064706_DRO.jpg,2023:03:19 06:47:06,-12.095481861111113,-76.95225522222222,258.0
/OpenCamera/IMG_20230319_064712_DRO.jpg,2023:03:19 06:47:12,-12.095317833333334,-76.95227811111111,254.0
/OpenCamera/IMG_20230319_064720_DRO.jpg,2023:03:19 06:47:20,-12.095197666666667,-76.95233916666668,254.0
/OpenCamera/IMG_20230319_064727_DRO.jpg,2023:03:19 06:47:27,-12.09506225,-76.95246886111111,255.0
/OpenCamera/IMG_20230319_064734_DRO.jpg,2023:03:19 06:47:34,-12.09499738888889,-76.95251463888889,254.0
/OpenCamera/IMG_20230319_064740_DRO.jpg,2023:03:19 06:47:40,-12.095088,-76.95248411111112,256.0
/OpenCamera/IMG_20230319_064747_DRO.jpg,2023:03:19 06:47:47,-12.095092750000001,-76.95251463888889,251.0
/OpenCamera/IMG_20230319_064753_DRO.jpg,2023:03:19 06:47:53,-12.09497163888889,-76.95258330555556,244.0
/OpenCamera/IMG_20230319_064800_DRO.jpg,2023:03:19 06:48:00,-12.09485338888889,-76.95263669444445,242.0
/OpenCamera/IMG_20230319_064807_DRO.jpg,2023:03:19 06:48:07,-12.094715111111112,-76.95264433333334,241.0
/OpenCamera/IMG_20230319_064814_DRO.jpg,2023:03:19 06:48:14,-12.094420416666667,-76.95269775,242.0
/OpenCamera/IMG_20230319_064821_DRO.jpg,2023:03:19 06:48:21,-12.094249722222223,-76.95274352777778,247.0
/OpenCamera/IMG_20230319_064828_DRO.jpg,2023:03:19 06:48:28,-12.094195361111112,-76.95275113888889,248.0
/OpenCamera/IMG_20230319_064835_DRO.jpg,2023:03:19 06:48:35,-12.093987444444444,-76.95277402777778,249.0
/OpenCamera/IMG_20230319_064841_DRO.jpg,2023:03:19 06:48:41,-12.093819611111112,-76.95275877777777,251.0
/OpenCamera/IMG_20230319_064848_DRO.jpg,2023:03:19 06:48:48,-12.093622194444444,-76.95275877777777,250.0
/OpenCamera/IMG_20230319_064854_DRO.jpg,2023:03:19 06:48:54,-12.093524916666667,-76.95277402777778,254.0
/OpenCamera/IMG_20230319_064902_DRO.jpg,2023:03:19 06:49:02,-12.093413333333334,-76.95275113888889,253.0
/OpenCamera/IMG_20230319_064908_DRO.jpg,2023:03:19 06:49:08,-12.093330361111112,-76.952713,251.0
/OpenCamera/IMG_20230319_064914_DRO.jpg,2023:03:19 06:49:14,-12.093275055555557,-76.95269775,251.0
/OpenCamera/IMG_20230319_064920_DRO.jpg,2023:03:19 06:49:20,-12.093176833333334,-76.95268247222222,252.0
/OpenCamera/IMG_20230319_064927_DRO.jpg,2023:03:19 06:49:27,-12.092992777777779,-76.95272063888889,253.0
/OpenCamera/IMG_20230319_064934_DRO.jpg,2023:03:19 06:49:34,-12.092902166666667,-76.95276641666666,257.0
/OpenCamera/IMG_20230319_064941_DRO.jpg,2023:03:19 06:49:41,-12.092820166666668,-76.95279691666667,257.0
/OpenCamera/IMG_20230319_064947_DRO.jpg,2023:03:19 06:49:47,-12.092662805555555,-76.95278166666667,262.0
/OpenCamera/IMG_20230319_064953_DRO.jpg,2023:03:19 06:49:53,-12.092673277777779,-76.95282744444445,263.0
/OpenCamera/IMG_20230319_064959_DRO.jpg,2023:03:19 06:49:59,-12.09251688888889,-76.95282744444445,258.0
/OpenCamera/IMG_20230319_065005_DRO.jpg,2023:03:19 06:50:05,-12.092368111111112,-76.95282744444445,258.0
/OpenCamera/IMG_20230319_065011_DRO.jpg,2023:03:19 06:50:11,-12.092272750000001,-76.95283505555555,258.0
/OpenCamera/IMG_20230319_065018_DRO.jpg,2023:03:19 06:50:18,-12.09210013888889,-76.95291900000001,258.0
/OpenCamera/IMG_20230319_065025_DRO.jpg,2023:03:19 06:50:25,-12.092035277777779,-76.95292661111111,252.0
/OpenCamera/IMG_20230319_065032_DRO.jpg,2023:03:19 06:50:32,-12.091867444444445,-76.9529495,253.0
/OpenCamera/IMG_20230319_065039_DRO.jpg,2023:03:19 06:50:39,-12.091794944444445,-76.95298002777778,257.0
/OpenCamera/IMG_20230319_065046_DRO.jpg,2023:03:19 06:50:46,-12.091672888888889,-76.95298002777778,256.0
/OpenCamera/IMG_20230319_065053_DRO.jpg,2023:03:19 06:50:53,-12.091583250000001,-76.95298766666667,255.0
/OpenCamera/IMG_20230319_065100_DRO.jpg,2023:03:19 06:51:00,-12.091537472222223,-76.95298766666667,255.0
/OpenCamera/IMG_20230319_065106_DRO.jpg,2023:03:19 06:51:06,-12.09150788888889,-76.95305633333334,254.0
/OpenCamera/IMG_20230319_065113_DRO.jpg,2023:03:19 06:51:13,-12.091491694444445,-76.95319363888889,254.0
/OpenCamera/IMG_20230319_065120_DRO.jpg,2023:03:19 06:51:20,-12.091361972222224,-76.95330047222222,257.0
/OpenCamera/IMG_20230319_065126_DRO.jpg,2023:03:19 06:51:26,-12.091307638888889,-76.9533386111111,259.0
/OpenCamera/IMG_20230319_065132_DRO.jpg,2023:03:19 06:51:32,-12.091192222222222,-76.9533615,259.0
/OpenCamera/IMG_20230319_065138_DRO.jpg,2023:03:19 06:51:38,-12.091099722222223,-76.95342252777778,260.0
/OpenCamera/IMG_20230319_065145_DRO.jpg,2023:03:19 06:51:45,-12.090976694444445,-76.95350644444444,261.0
/OpenCamera/IMG_20230319_065152_DRO.jpg,2023:03:19 06:51:52,-12.090817444444445,-76.95352172222222,264.0
/OpenCamera/IMG_20230319_065158_DRO.jpg,2023:03:19 06:51:58,-12.090717305555556,-76.95357511111112,265.0
/OpenCamera/IMG_20230319_065205_DRO.jpg,2023:03:19 06:52:05,-12.09067152777778,-76.953598,265.0
/OpenCamera/IMG_20230319_065211_DRO.jpg,2023:03:19 06:52:11,-12.090592361111112,-76.95368194444444,264.0
/OpenCamera/IMG_20230319_065218_DRO.jpg,2023:03:19 06:52:18,-12.090452166666667,-76.95375822222222,264.0
/OpenCamera/IMG_20230319_065225_DRO.jpg,2023:03:19 06:52:25,-12.090307222222222,-76.95378111111111,264.0
/OpenCamera/IMG_20230319_065232_DRO.jpg,2023:03:19 06:52:32,-12.090165111111112,-76.95381925000001,264.0
/OpenCamera/IMG_20230319_065238_DRO.jpg,2023:03:19 06:52:38,-12.090023027777779,-76.95388791666667,264.0
/OpenCamera/IMG_20230319_065245_DRO.jpg,2023:03:19 06:52:45,-12.089960083333334,-76.95391844444444,267.0
/OpenCamera/IMG_20230319_065252_DRO.jpg,2023:03:19 06:52:52,-12.089913361111112,-76.95397186111111,264.0
/OpenCamera/IMG_20230319_065258_DRO.jpg,2023:03:19 06:52:58,-12.089852305555556,-76.95401763888889,262.0
/OpenCamera/IMG_20230319_065305_DRO.jpg,2023:03:19 06:53:05,-12.08983038888889,-76.95407866666667,261.0
/OpenCamera/IMG_20230319_065312_DRO.jpg,2023:03:19 06:53:12,-12.08973025,-76.9540633888889,260.0
/OpenCamera/IMG_20230319_065319_DRO.jpg,2023:03:19 06:53:19,-12.089627250000001,-76.95420072222223,255.0
/OpenCamera/IMG_20230319_065324_DRO.jpg,2023:03:19 06:53:24,-12.089463222222223,-76.95420072222223,257.0
/OpenCamera/IMG_20230319_065331_DRO.jpg,2023:03:19 06:53:31,-12.089400277777779,-76.9542465,256.0
/OpenCamera/IMG_20230319_065337_DRO.jpg,2023:03:19 06:53:37,-12.08917711111111,-76.95434569444444,259.0
/OpenCamera/IMG_20230319_065344_DRO.jpg,2023:03:19 06:53:44,-12.089072222222223,-76.95437619444445,262.0
/OpenCamera/IMG_20230319_065351_DRO.jpg,2023:03:19 06:53:51,-12.089048361111113,-76.95439147222223,261.0
/OpenCamera/IMG_20230319_065357_DRO.jpg,2023:03:19 06:53:57,-12.08885,-76.95451352777778,258.0
/OpenCamera/IMG_20230319_065404_DRO.jpg,2023:03:19 06:54:04,-12.088698361111112,-76.95458983333333,260.0
/OpenCamera/IMG_20230319_065411_DRO.jpg,2023:03:19 06:54:11,-12.08857725,-76.95467375,262.0
/OpenCamera/IMG_20230319_065418_DRO.jpg,2023:03:19 06:54:18,-12.088522888888889,-76.95473477777779,260.0
/OpenCamera/IMG_20230319_065424_DRO.jpg,2023:03:19 06:54:24,-12.088413222222222,-76.95481108333334,258.0
/OpenCamera/IMG_20230319_065431_DRO.jpg,2023:03:19 06:54:31,-12.088348388888889,-76.9549026388889,259.0
/OpenCamera/IMG_20230319_065438_DRO.jpg,2023:03:19 06:54:38,-12.088265416666667,-76.95502469444445,259.0
/OpenCamera/IMG_20230319_065444_DRO.jpg,2023:03:19 06:54:44,-12.088192916666667,-76.95510863888889,258.0
/OpenCamera/IMG_20230319_065451_DRO.jpg,2023:03:19 06:54:51,-12.088165277777778,-76.95514677777778,256.0
/OpenCamera/IMG_20230319_065458_DRO.jpg,2023:03:19 06:54:58,-12.088117583333334,-76.95518491666667,252.0
/OpenCamera/IMG_20230319_065505_DRO.jpg,2023:03:19 06:55:05,-12.088043194444445,-76.95526122222222,249.0
/OpenCamera/IMG_20230319_065512_DRO.jpg,2023:03:19 06:55:12,-12.087895388888889,-76.95532225000001,250.0
/OpenCamera/IMG_20230319_065519_DRO.jpg,2023:03:19 06:55:19,-12.087821944444444,-76.95543669444444,250.0
/OpenCamera/IMG_20230319_065526_DRO.jpg,2023:03:19 06:55:26,-12.087747555555556,-76.95549011111112,251.0
/OpenCamera/IMG_20230319_065532_DRO.jpg,2023:03:19 06:55:32,-12.087662694444445,-76.95558163888889,250.0
/OpenCamera/IMG_20230319_065538_DRO.jpg,2023:03:19 06:55:38,-12.087587333333333,-76.95570372222222,249.0
/OpenCamera/IMG_20230319_065544_DRO.jpg,2023:03:19 06:55:44,-12.087492916666667,-76.95586394444445,253.0
/OpenCamera/IMG_20230319_065550_DRO.jpg,2023:03:19 06:55:50,-12.08733175,-76.95597075,257.0
/OpenCamera/IMG_20230319_065557_DRO.jpg,2023:03:19 06:55:57,-12.087223027777778,-76.95607755555555,257.0
/OpenCamera/IMG_20230319_065604_DRO.jpg,2023:03:19 06:56:04,-12.08710288888889,-76.95620725,258.0
/OpenCamera/IMG_20230319_065610_DRO.jpg,2023:03:19 06:56:10,-12.087077138888889,-76.95629119444445,258.0
/OpenCamera/IMG_20230319_065617_DRO.jpg,2023:03:19 06:56:17,-12.086948388888889,-76.9564056388889,260.0
/OpenCamera/IMG_20230319_065624_DRO.jpg,2023:03:19 06:56:24,-12.086902611111112,-76.95648955555556,262.0
/OpenCamera/IMG_20230319_065631_DRO.jpg,2023:03:19 06:56:31,-12.086762416666668,-76.95661925,264.0
/OpenCamera/IMG_20230319_065638_DRO.jpg,2023:03:19 06:56:38,-12.086694694444445,-76.95669555555556,264.0
/OpenCamera/IMG_20230319_065645_DRO.jpg,2023:03:19 06:56:45,-12.086657500000001,-76.95677947222222,260.0
/OpenCamera/IMG_20230319_065652_DRO.jpg,2023:03:19 06:56:52,-12.086544972222223,-76.95684813888889,257.0
/OpenCamera/IMG_20230319_065659_DRO.jpg,2023:03:19 06:56:59,-12.086420055555557,-76.95693969444444,258.0
/OpenCamera/IMG_20230319_065706_DRO.jpg,2023:03:19 06:57:06,-12.08633038888889,-76.95699308333333,259.0
/OpenCamera/IMG_20230319_065713_DRO.jpg,2023:03:19 06:57:13,-12.086224555555557,-76.95706175000001,265.0
/OpenCamera/IMG_20230319_065719_DRO.jpg,2023:03:19 06:57:19,-12.086167333333334,-76.95717619444444,266.0
/OpenCamera/IMG_20230319_065726_DRO.jpg,2023:03:19 06:57:26,-12.086020444444445,-76.9572448611111,259.0
/OpenCamera/IMG_20230319_065732_DRO.jpg,2023:03:19 06:57:32,-12.085957500000001,-76.9573058888889,254.0
/OpenCamera/IMG_20230319_065739_DRO.jpg,2023:03:19 06:57:39,-12.085854527777778,-76.95732877777778,256.0
/OpenCamera/IMG_20230319_065746_DRO.jpg,2023:03:19 06:57:46,-12.085747694444445,-76.95734405555555,255.0
/OpenCamera/IMG_20230319_065754_DRO.jpg,2023:03:19 06:57:54,-12.085544583333334,-76.95745086111111,258.0
/OpenCamera/IMG_20230319_065800_DRO.jpg,2023:03:19 06:58:00,-12.085434888888889,-76.95750425,259.0
/OpenCamera/IMG_20230319_065807_DRO.jpg,2023:03:19 06:58:07,-12.085428222222223,-76.95752713888889,255.0
/OpenCamera/IMG_20230319_065815_DRO.jpg,2023:03:19 06:58:15,-12.085251805555556,-76.95756530555556,252.0
/OpenCamera/IMG_20230319_065821_DRO.jpg,2023:03:19 06:58:21,-12.08506963888889,-76.95758819444444,250.0
/OpenCamera/IMG_20230319_065827_DRO.jpg,2023:03:19 06:58:27,-12.084944722222223,-76.95764158333334,252.0
/OpenCamera/IMG_20230319_065834_DRO.jpg,2023:03:19 06:58:34,-12.08483313888889,-76.95767211111111,253.0
/OpenCamera/IMG_20230319_065841_DRO.jpg,2023:03:19 06:58:41,-12.084745388888889,-76.95767211111111,252.0
/OpenCamera/IMG_20230319_065848_DRO.jpg,2023:03:19 06:58:48,-12.084656694444446,-76.95766447222222,248.0
/OpenCamera/IMG_20230319_065854_DRO.jpg,2023:03:19 06:58:54,-12.084580416666666,-76.95763397222223,246.0
/OpenCamera/IMG_20230319_065900_DRO.jpg,2023:03:19 06:59:00,-12.084460250000001,-76.957695,247.0
/OpenCamera/IMG_20230319_065907_DRO.jpg,2023:03:19 06:59:07,-12.084313388888889,-76.9577331388889,249.0
/OpenCamera/IMG_20230319_065913_DRO.jpg,2023:03:19 06:59:13,-12.084179861111112,-76.95771025,250.0
/OpenCamera/IMG_20230319_065920_DRO.jpg,2023:03:19 06:59:20,-12.084112166666667,-76.95770261111112,249.0
/OpenCamera/IMG_20230319_065927_DRO.jpg,2023:03:19 06:59:27,-12.08399675,-76.95770261111112,249.0
/OpenCamera/IMG_20230319_065934_DRO.jpg,2023:03:19 06:59:34,-12.083851805555556,-76.957695,249.0
/OpenCamera/IMG_20230319_065941_DRO.jpg,2023:03:19 06:59:41,-12.083682055555556,-76.95767211111111,252.0
/OpenCamera/IMG_20230319_065948_DRO.jpg,2023:03:19 06:59:48,-12.083513250000001,-76.95767211111111,253.0
/OpenCamera/IMG_20230319_065955_DRO.jpg,2023:03:19 06:59:55,-12.083408333333335,-76.95764922222223,252.0
/OpenCamera/IMG_20230319_070002_DRO.jpg,2023:03:19 07:00:02,-12.083247166666666,-76.95761869444445,253.0
/OpenCamera/IMG_20230319_070009_DRO.jpg,2023:03:19 07:00:09,-12.083107944444444,-76.95760344444444,253.0
/OpenCamera/IMG_20230319_070016_DRO.jpg,2023:03:19 07:00:16,-12.082958222222222,-76.95754241666667,256.0
/OpenCamera/IMG_20230319_070023_DRO.jpg,2023:03:19 07:00:23,-12.082837083333333,-76.95743558333334,258.0
/OpenCamera/IMG_20230319_070029_DRO.jpg,2023:03:19 07:00:29,-12.082764611111111,-76.95744322222222,257.0
/OpenCamera/IMG_20230319_070037_DRO.jpg,2023:03:19 07:00:37,-12.082817055555555,-76.95747375,256.0
/OpenCamera/IMG_20230319_070044_DRO.jpg,2023:03:19 07:00:44,-12.082859972222222,-76.95753477777778,256.0
/OpenCamera/IMG_20230319_070050_DRO.jpg,2023:03:19 07:00:50,-12.082938194444445,-76.95760344444444,255.0
/OpenCamera/IMG_20230319_070057_DRO.jpg,2023:03:19 07:00:57,-12.083006833333332,-76.95761869444445,256.0
/OpenCamera/IMG_20230319_070104_DRO.jpg,2023:03:19 07:01:04,-12.083069777777778,-76.95762633333334,257.0
/OpenCamera/IMG_20230319_070111_DRO.jpg,2023:03:19 07:01:11,-12.083205222222222,-76.95761108333333,256.0
/OpenCamera/IMG_20230319_070118_DRO.jpg,2023:03:19 07:01:18,-12.083305333333334,-76.95759580555556,256.0
/OpenCamera/IMG_20230319_070124_DRO.jpg,2023:03:19 07:01:24,-12.083424555555556,-76.95760344444444,257.0
/OpenCamera/IMG_20230319_070131_DRO.jpg,2023:03:19 07:01:31,-12.083572361111111,-76.95764158333334,257.0
/OpenCamera/IMG_20230319_070137_DRO.jpg,2023:03:19 07:01:37,-12.083602888888889,-76.95772550000001,255.0
/OpenCamera/IMG_20230319_070145_DRO.jpg,2023:03:19 07:01:45,-12.083740222222223,-76.95778655555556,256.0
/OpenCamera/IMG_20230319_070151_DRO.jpg,2023:03:19 07:01:51,-12.083871833333333,-76.95774838888889,254.0
/OpenCamera/IMG_20230319_070158_DRO.jpg,2023:03:19 07:01:58,-12.084065416666668,-76.95774077777779,250.0
/OpenCamera/IMG_20230319_070205_DRO.jpg,2023:03:19 07:02:05,-12.084177944444445,-76.95776366666666,250.0
/OpenCamera/IMG_20230319_070212_DRO.jpg,2023:03:19 07:02:12,-12.08436775,-76.9577331388889,251.0
/OpenCamera/IMG_20230319_070219_DRO.jpg,2023:03:19 07:02:19,-12.08451175,-76.95776366666666,253.0
/OpenCamera/IMG_20230319_070226_DRO.jpg,2023:03:19 07:02:26,-12.084612833333335,-76.95774838888889,252.0
/OpenCamera/IMG_20230319_070233_DRO.jpg,2023:03:19 07:02:33,-12.084736805555556,-76.95772550000001,249.0
/OpenCamera/IMG_20230319_070240_DRO.jpg,2023:03:19 07:02:40,-12.084952333333334,-76.95766447222222,244.0
/OpenCamera/IMG_20230319_070247_DRO.jpg,2023:03:19 07:02:47,-12.085058194444445,-76.95763397222223,242.0
/OpenCamera/IMG_20230319_070253_DRO.jpg,2023:03:19 07:02:53,-12.085111611111111,-76.95762633333334,242.0
/OpenCamera/IMG_20230319_070300_DRO.jpg,2023:03:19 07:03:00,-12.085217472222222,-76.95758819444444,239.0
/OpenCamera/IMG_20230319_070307_DRO.jpg,2023:03:19 07:03:07,-12.085285166666667,-76.95758055555555,234.0
/OpenCamera/IMG_20230319_070313_DRO.jpg,2023:03:19 07:03:13,-12.085477805555556,-76.95755002777778,232.0
/OpenCamera/IMG_20230319_070319_DRO.jpg,2023:03:19 07:03:19,-12.085637083333333,-76.95751952777778,231.0
/OpenCamera/IMG_20230319_070325_DRO.jpg,2023:03:19 07:03:25,-12.085740083333334,-76.95744322222222,227.0
/OpenCamera/IMG_20230319_070331_DRO.jpg,2023:03:19 07:03:31,-12.085829722222222,-76.95738219444445,227.0
/OpenCamera/IMG_20230319_070338_DRO.jpg,2023:03:19 07:03:38,-12.085867861111112,-76.95736691666667,226.0
/OpenCamera/IMG_20230319_070345_DRO.jpg,2023:03:19 07:03:45,-12.085969916666667,-76.95722961111112,225.0
/OpenCamera/IMG_20230319_070351_DRO.jpg,2023:03:19 07:03:51,-12.08618163888889,-76.95713805555556,223.0
/OpenCamera/IMG_20230319_070358_DRO.jpg,2023:03:19 07:03:58,-12.086264583333334,-76.9570693888889,223.0
/OpenCamera/IMG_20230319_070405_DRO.jpg,2023:03:19 07:04:05,-12.086306555555556,-76.9570465,222.0
/OpenCamera/IMG_20230319_070412_DRO.jpg,2023:03:19 07:04:12,-12.086478222222222,-76.95693205555555,225.0
/OpenCamera/IMG_20230319_070419_DRO.jpg,2023:03:19 07:04:19,-12.086537361111112,-76.9568405,227.0
/OpenCamera/IMG_20230319_070426_DRO.jpg,2023:03:19 07:04:26,-12.086682305555556,-76.95679472222223,228.0
/OpenCamera/IMG_20230319_070433_DRO.jpg,2023:03:19 07:04:33,-12.086776722222222,-76.95669555555556,227.0
/OpenCamera/IMG_20230319_070439_DRO.jpg,2023:03:19 07:04:39,-12.086874944444444,-76.95652769444445,233.0
/OpenCamera/IMG_20230319_070446_DRO.jpg,2023:03:19 07:04:46,-12.08695313888889,-76.95642088888889,235.0
/OpenCamera/IMG_20230319_070452_DRO.jpg,2023:03:19 07:04:52,-12.08703038888889,-76.95631408333334,234.0
/OpenCamera/IMG_20230319_070459_DRO.jpg,2023:03:19 07:04:59,-12.087149611111112,-76.95618436111111,238.0
/OpenCamera/IMG_20230319_070506_DRO.jpg,2023:03:19 07:05:06,-12.087252611111111,-76.95610044444444,236.0
/OpenCamera/IMG_20230319_070513_DRO.jpg,2023:03:19 07:05:13,-12.0872545,-76.95605466666667,234.0
/OpenCamera/IMG_20230319_070520_DRO.jpg,2023:03:19 07:05:20,-12.087392805555556,-76.95597075,227.0
/OpenCamera/IMG_20230319_070526_DRO.jpg,2023:03:19 07:05:26,-12.087499611111111,-76.95588683333334,225.0
/OpenCamera/IMG_20230319_070533_DRO.jpg,2023:03:19 07:05:33,-12.087559694444446,-76.95578763888889,220.0
/OpenCamera/IMG_20230319_070540_DRO.jpg,2023:03:19 07:05:40,-12.087639805555556,-76.95568847222222,218.0
/OpenCamera/IMG_20230319_070546_DRO.jpg,2023:03:19 07:05:46,-12.087639805555556,-76.95561980555556,217.0
/OpenCamera/IMG_20230319_070553_DRO.jpg,2023:03:19 07:05:53,-12.087682722222223,-76.95559691666666,216.0
/OpenCamera/IMG_20230319_070600_DRO.jpg,2023:03:19 07:06:00,-12.087813361111111,-76.95550536111111,209.0
/OpenCamera/IMG_20230319_070607_DRO.jpg,2023:03:19 07:06:07,-12.08784675,-76.95544433333333,207.0
/OpenCamera/IMG_20230319_070615_DRO.jpg,2023:03:19 07:06:15,-12.087952611111112,-76.95531461111112,204.0
/OpenCamera/IMG_20230319_070621_DRO.jpg,2023:03:19 07:06:21,-12.088023166666668,-76.95522308333334,203.0
/OpenCamera/IMG_20230319_070629_DRO.jpg,2023:03:19 07:06:29,-12.088094694444445,-76.95518491666667,201.0
/OpenCamera/IMG_20230319_070636_DRO.jpg,2023:03:19 07:06:36,-12.088212,-76.95505522222223,198.0
/OpenCamera/IMG_20230319_070643_DRO.jpg,2023:03:19 07:06:43,-12.088302611111112,-76.95494077777778,196.0
/OpenCamera/IMG_20230319_070650_DRO.jpg,2023:03:19 07:06:50,-12.088370305555555,-76.95483397222222,198.0
/OpenCamera/IMG_20230319_070657_DRO.jpg,2023:03:19 07:06:57,-12.088424666666667,-76.95476530555555,196.0
/OpenCamera/IMG_20230319_070704_DRO.jpg,2023:03:19 07:07:04,-12.088513361111112,-76.95470427777778,193.0
/OpenCamera/IMG_20230319_070710_DRO.jpg,2023:03:19 07:07:10,-12.088584888888889,-76.954689,192.0
/OpenCamera/IMG_20230319_070717_DRO.jpg,2023:03:19 07:07:17,-12.08866688888889,-76.95463561111112,192.0
/OpenCamera/IMG_20230319_070723_DRO.jpg,2023:03:19 07:07:23,-12.088796611111112,-76.95455169444445,195.0
/OpenCamera/IMG_20230319_070729_DRO.jpg,2023:03:19 07:07:29,-12.088972083333333,-76.95452116666667,198.0
/OpenCamera/IMG_20230319_070735_DRO.jpg,2023:03:19 07:07:35,-12.089088416666668,-76.95444486111111,199.0
/OpenCamera/IMG_20230319_070742_DRO.jpg,2023:03:19 07:07:42,-12.089173305555557,-76.95436858333333,198.0
/OpenCamera/IMG_20230319_070750_DRO.jpg,2023:03:19 07:07:50,-12.08928775,-76.95429227777778,194.0
/OpenCamera/IMG_20230319_070757_DRO.jpg,2023:03:19 07:07:57,-12.089382166666667,-76.95422361111112,193.0
/OpenCamera/IMG_20230319_070803_DRO.jpg,2023:03:19 07:08:03,-12.089508055555557,-76.95427702777778,190.0
/OpenCamera/IMG_20230319_070811_DRO.jpg,2023:03:19 07:08:10,-12.089625333333334,-76.954216,191.0
/OpenCamera/IMG_20230319_070817_DRO.jpg,2023:03:19 07:08:17,-12.089736916666666,-76.95413205555556,191.0
/OpenCamera/IMG_20230319_070824_DRO.jpg,2023:03:19 07:08:24,-12.08986661111111,-76.95402525,192.0
/OpenCamera/IMG_20230319_070830_DRO.jpg,2023:03:19 07:08:30,-12.089975333333333,-76.95397947222223,194.0
/OpenCamera/IMG_20230319_070837_DRO.jpg,2023:03:19 07:08:37,-12.090063083333334,-76.95388030555556,196.0
/OpenCamera/IMG_20230319_070844_DRO.jpg,2023:03:19 07:08:44,-12.090160361111112,-76.95384213888889,201.0
/OpenCamera/IMG_20230319_070851_DRO.jpg,2023:03:19 07:08:51,-12.09026238888889,-76.95377347222222,201.0
/OpenCamera/IMG_20230319_070857_DRO.jpg,2023:03:19 07:08:57,-12.090392111111111,-76.95369719444444,200.0
/OpenCamera/IMG_20230319_070903_DRO.jpg,2023:03:19 07:09:03,-12.090476972222223,-76.95367430555555,196.0
/OpenCamera/IMG_20230319_070910_DRO.jpg,2023:03:19 07:09:10,-12.090621944444445,-76.95363616666667,197.0
/OpenCamera/IMG_20230319_070917_DRO.jpg,2023:03:19 07:09:17,-12.090727805555556,-76.95355222222223,194.0
/OpenCamera/IMG_20230319_070924_DRO.jpg,2023:03:19 07:09:24,-12.090867972222222,-76.95346066666667,200.0
/OpenCamera/IMG_20230319_070931_DRO.jpg,2023:03:19 07:09:31,-12.090894694444446,-76.95345305555556,203.0
/OpenCamera/IMG_20230319_070938_DRO.jpg,2023:03:19 07:09:38,-12.091053,-76.95332336111112,203.0
/OpenCamera/IMG_20230319_070944_DRO.jpg,2023:03:19 07:09:44,-12.09113025,-76.95330047222222,204.0
/OpenCamera/IMG_20230319_070950_DRO.jpg,2023:03:19 07:09:50,-12.091253277777778,-76.95326994444444,203.0
/OpenCamera/IMG_20230319_070956_DRO.jpg,2023:03:19 07:09:56,-12.091302861111112,-76.95320891666667,203.0
/OpenCamera/IMG_20230319_071002_DRO.jpg,2023:03:19 07:10:02,-12.091358166666668,-76.95310972222222,202.0
/OpenCamera/IMG_20230319_071010_DRO.jpg,2023:03:19 07:10:10,-12.091464972222223,-76.95308683333333,200.0
/OpenCamera/IMG_20230319_071016_DRO.jpg,2023:03:19 07:10:16,-12.091567972222222,-76.95304869444445,203.0
/OpenCamera/IMG_20230319_071022_DRO.jpg,2023:03:19 07:10:22,-12.091725333333335,-76.95305633333334,206.0
/OpenCamera/IMG_20230319_071029_DRO.jpg,2023:03:19 07:10:29,-12.091797805555556,-76.95304869444445,208.0
/OpenCamera/IMG_20230319_071036_DRO.jpg,2023:03:19 07:10:36,-12.091856944444444,-76.95305633333334,210.0
/OpenCamera/IMG_20230319_071043_DRO.jpg,2023:03:19 07:10:43,-12.091979972222223,-76.95304869444445,209.0
/OpenCamera/IMG_20230319_071050_DRO.jpg,2023:03:19 07:10:50,-12.092009527777778,-76.95305633333334,207.0
/OpenCamera/IMG_20230319_071056_DRO.jpg,2023:03:19 07:10:56,-12.092127777777778,-76.9529723888889,205.0
/OpenCamera/IMG_20230319_071103_DRO.jpg,2023:03:19 07:11:03,-12.092289916666667,-76.95288847222223,203.0
/OpenCamera/IMG_20230319_071109_DRO.jpg,2023:03:19 07:11:09,-12.092412944444446,-76.95289611111112,202.0
/OpenCamera/IMG_20230319_071116_DRO.jpg,2023:03:19 07:11:16,-12.092461583333334,-76.9529723888889,200.0
/OpenCamera/IMG_20230319_071123_DRO.jpg,2023:03:19 07:11:23,-12.0926275,-76.95290372222223,199.0
/OpenCamera/IMG_20230319_071129_DRO.jpg,2023:03:19 07:11:29,-12.09278011111111,-76.95283505555555,194.0
/OpenCamera/IMG_20230319_071136_DRO.jpg,2023:03:19 07:11:36,-12.092947,-76.95278930555556,194.0
/OpenCamera/IMG_20230319_071143_DRO.jpg,2023:03:19 07:11:43,-12.09308813888889,-76.95281219444445,198.0
/OpenCamera/IMG_20230319_071150_DRO.jpg,2023:03:19 07:11:50,-12.093187305555556,-76.95284269444444,197.0
/OpenCamera/IMG_20230319_071157_DRO.jpg,2023:03:19 07:11:57,-12.093304611111112,-76.95285033333333,196.0
/OpenCamera/IMG_20230319_071204_DRO.jpg,2023:03:19 07:12:04,-12.093426694444444,-76.95288847222223,195.0
/OpenCamera/IMG_20230319_071211_DRO.jpg,2023:03:19 07:12:11,-12.093504888888889,-76.95291900000001,193.0
/OpenCamera/IMG_20230319_071218_DRO.jpg,2023:03:19 07:12:18,-12.093645083333334,-76.95291136111112,192.0
/OpenCamera/IMG_20230319_071225_DRO.jpg,2023:03:19 07:12:25,-12.093774777777778,-76.95286558333333,190.0
/OpenCamera/IMG_20230319_071231_DRO.jpg,2023:03:19 07:12:31,-12.093899722222222,-76.95283505555555,186.0
/OpenCamera/IMG_20230319_071237_DRO.jpg,2023:03:19 07:12:37,-12.094039916666667,-76.95278930555556,186.0
/OpenCamera/IMG_20230319_071244_DRO.jpg,2023:03:19 07:12:44,-12.094121916666667,-76.95281980555556,189.0
/OpenCamera/IMG_20230319_071251_DRO.jpg,2023:03:19 07:12:51,-12.094095222222222,-76.95285794444445,190.0
/OpenCamera/IMG_20230319_071257_DRO.jpg,2023:03:19 07:12:57,-12.094193444444445,-76.95279691666667,192.0
/OpenCamera/IMG_20230319_071303_DRO.jpg,2023:03:19 07:13:03,-12.09439275,-76.95269011111111,194.0
/OpenCamera/IMG_20230319_071311_DRO.jpg,2023:03:19 07:13:10,-12.094582555555556,-76.95265958333334,193.0
/OpenCamera/IMG_20230319_071317_DRO.jpg,2023:03:19 07:13:17,-12.094684583333335,-76.95262144444445,193.0
/OpenCamera/IMG_20230319_071323_DRO.jpg,2023:03:19 07:13:23,-12.094772333333333,-76.95258330555556,193.0
/OpenCamera/IMG_20230319_071330_DRO.jpg,2023:03:19 07:13:30,-12.094829555555556,-76.9525451388889,194.0
/OpenCamera/IMG_20230319_071338_DRO.jpg,2023:03:19 07:13:38,-12.094886777777779,-76.95249175000001,192.0
/OpenCamera/IMG_20230319_071345_DRO.jpg,2023:03:19 07:13:45,-12.09489725,-76.9524765,195.0
/OpenCamera/IMG_20230319_071352_DRO.jpg,2023:03:19 07:13:52,-12.095120416666667,-76.95238494444445,195.0
/OpenCamera/IMG_20230319_071400_DRO.jpg,2023:03:19 07:14:00,-12.095319722222223,-76.95237730555556,189.0
/OpenCamera/IMG_20230319_071407_DRO.jpg,2023:03:19 07:14:07,-12.095388388888889,-76.95229338888889,182.0
/OpenCamera/IMG_20230319_071414_DRO.jpg,2023:03:19 07:14:14,-12.095566750000001,-76.95225522222222,179.0
/OpenCamera/IMG_20230319_071420_DRO.jpg,2023:03:19 07:14:20,-12.095692611111112,-76.95220183333333,180.0
/OpenCamera/IMG_20230319_071427_DRO.jpg,2023:03:19 07:14:27,-12.09577177777778,-76.95214841666667,180.0
/OpenCamera/IMG_20230319_071434_DRO.jpg,2023:03:19 07:14:34,-12.09585475,-76.95217894444444,178.0
/OpenCamera/IMG_20230319_071441_DRO.jpg,2023:03:19 07:14:41,-12.096041666666668,-76.95201872222222,181.0
/OpenCamera/IMG_20230319_071447_DRO.jpg,2023:03:19 07:14:47,-12.096218083333333,-76.95191955555556,185.0
/OpenCamera/IMG_20230319_071454_DRO.jpg,2023:03:19 07:14:54,-12.09628675,-76.95194241666667,188.0
/OpenCamera/IMG_20230319_071501_DRO.jpg,2023:03:19 07:15:01,-12.096364972222222,-76.95188902777778,189.0
/OpenCamera/IMG_20230319_071507_DRO.jpg,2023:03:19 07:15:07,-12.096511833333334,-76.95180511111111,188.0
/OpenCamera/IMG_20230319_071515_DRO.jpg,2023:03:19 07:15:15,-12.096616722222223,-76.95177458333333,188.0
/OpenCamera/IMG_20230319_071522_DRO.jpg,2023:03:19 07:15:22,-12.096742611111111,-76.95174405555557,189.0
/OpenCamera/IMG_20230319_071529_DRO.jpg,2023:03:19 07:15:29,-12.096890444444446,-76.95165250000001,191.0
/OpenCamera/IMG_20230319_071535_DRO.jpg,2023:03:19 07:15:35,-12.09700488888889,-76.95160675,195.0
/OpenCamera/IMG_20230319_071543_DRO.jpg,2023:03:19 07:15:43,-12.097167,-76.95149230555556,200.0
/OpenCamera/IMG_20230319_071549_DRO.jpg,2023:03:19 07:15:49,-12.09724711111111,-76.95146177777778,201.0
/OpenCamera/IMG_20230319_071556_DRO.jpg,2023:03:19 07:15:56,-12.09735775,-76.95143888888889,200.0
/OpenCamera/IMG_20230319_071602_DRO.jpg,2023:03:19 07:16:02,-12.097475027777778,-76.95139311111112,201.0
/OpenCamera/IMG_20230319_071608_DRO.jpg,2023:03:19 07:16:08,-12.097577083333334,-76.95133969444444,199.0
/OpenCamera/IMG_20230319_071616_DRO.jpg,2023:03:19 07:16:16,-12.097629527777778,-76.95130919444445,199.0
/OpenCamera/IMG_20230319_071622_DRO.jpg,2023:03:19 07:16:22,-12.097711555555556,-76.95127105555555,190.0
/OpenCamera/IMG_20230319_071629_DRO.jpg,2023:03:19 07:16:29,-12.09788988888889,-76.95117186111112,189.0
/OpenCamera/IMG_20230319_071636_DRO.jpg,2023:03:19 07:16:36,-12.098028166666667,-76.95109555555555,191.0
/OpenCamera/IMG_20230319_071643_DRO.jpg,2023:03:19 07:16:43,-12.098168361111112,-76.95102688888889,192.0
/OpenCamera/IMG_20230319_071650_DRO.jpg,2023:03:19 07:16:50,-12.098192194444445,-76.95105741666667,190.0
/OpenCamera/IMG_20230319_071657_DRO.jpg,2023:03:19 07:16:57,-12.098312361111113,-76.95098875000001,189.0
/OpenCamera/IMG_20230319_071705_DRO.jpg,2023:03:19 07:17:05,-12.09835527777778,-76.95096586111111,190.0
/OpenCamera/IMG_20230319_071712_DRO.jpg,2023:03:19 07:17:12,-12.098400111111111,-76.9509963888889,191.0
/OpenCamera/IMG_20230319_071719_DRO.jpg,2023:03:19 07:17:19,-12.098449694444446,-76.95101163888889,187.0
/OpenCamera/IMG_20230319_071725_DRO.jpg,2023:03:19 07:17:25,-12.098389611111111,-76.95106505555556,187.0
/OpenCamera/IMG_20230319_071731_DRO.jpg,2023:03:19 07:17:31,-12.098462083333335,-76.95105741666667,186.0
/OpenCamera/IMG_20230319_071739_DRO.jpg,2023:03:19 07:17:39,-12.098596555555556,-76.95095825,180.0
/OpenCamera/IMG_20230319_071746_DRO.jpg,2023:03:19 07:17:46,-12.098756777777778,-76.95095825,172.0
/OpenCamera/IMG_20230319_071754_DRO.jpg,2023:03:19 07:17:54,-12.098910305555556,-76.95085905555555,166.0
/OpenCamera/IMG_20230319_071801_DRO.jpg,2023:03:19 07:18:01,-12.099046694444445,-76.95075986111111,162.0
/OpenCamera/IMG_20230319_071809_DRO.jpg,2023:03:19 07:18:09,-12.099198333333334,-76.95067594444444,161.0
/OpenCamera/IMG_20230319_071816_DRO.jpg,2023:03:19 07:18:16,-12.099336611111111,-76.95059202777779,161.0
/OpenCamera/IMG_20230319_071825_DRO.jpg,2023:03:19 07:18:25,-12.099431972222224,-76.95051572222222,161.0
/OpenCamera/IMG_20230319_071832_DRO.jpg,2023:03:19 07:18:32,-12.099595055555556,-76.95040891666667,159.0
/OpenCamera/IMG_20230319_071840_DRO.jpg,2023:03:19 07:18:40,-12.099712361111111,-76.95035552777777,158.0
/OpenCamera/IMG_20230319_071847_DRO.jpg,2023:03:19 07:18:47,-12.099817250000001,-76.95037077777778,154.0
/OpenCamera/IMG_20230319_071853_DRO.jpg,2023:03:19 07:18:53,-12.099849694444446,-76.95039366666667,153.0
/OpenCamera/IMG_20230319_071901_DRO.jpg,2023:03:19 07:19:01,-12.099978444444446,-76.95031736111112,152.0
/OpenCamera/IMG_20230319_071907_DRO.jpg,2023:03:19 07:19:07,-12.100068083333333,-76.95019530555555,150.0
/OpenCamera/IMG_20230319_071913_DRO.jpg,2023:03:19 07:19:13,-12.100201583333334,-76.95020291666667,150.0
/OpenCamera/IMG_20230319_071919_DRO.jpg,2023:03:19 07:19:19,-12.100288388888888,-76.95017241666667,149.0
/OpenCamera/IMG_20230319_071927_DRO.jpg,2023:03:19 07:19:27,-12.100418083333333,-76.95006561111111,150.0
/OpenCamera/IMG_20230319_071934_DRO.jpg,2023:03:19 07:19:34,-12.100524888888888,-76.95005033333334,150.0
/OpenCamera/IMG_20230319_071940_DRO.jpg,2023:03:19 07:19:40,-12.100652694444443,-76.95001983333334,150.0
/OpenCamera/IMG_20230319_071946_DRO.jpg,2023:03:19 07:19:46,-12.100731833333333,-76.94999694444445,148.0
/OpenCamera/IMG_20230319_071953_DRO.jpg,2023:03:19 07:19:53,-12.100852,-76.94992827777779,145.0
/OpenCamera/IMG_20230319_072000_DRO.jpg,2023:03:19 07:20:00,-12.100972166666667,-76.94986722222222,143.0
/OpenCamera/IMG_20230319_072006_DRO.jpg,2023:03:19 07:20:06,-12.101070388888889,-76.94985197222222,140.0
/OpenCamera/IMG_20230319_072012_DRO.jpg,2023:03:19 07:20:12,-12.10114,-76.94982147222223,139.0
/OpenCamera/IMG_20230319_072019_DRO.jpg,2023:03:19 07:20:19,-12.10127161111111,-76.94979094444444,138.0
/OpenCamera/IMG_20230319_072026_DRO.jpg,2023:03:19 07:20:26,-12.101380333333333,-76.94972227777778,139.0
/OpenCamera/IMG_20230319_072033_DRO.jpg,2023:03:19 07:20:33,-12.101568194444445,-76.94965361111112,140.0
/OpenCamera/IMG_20230319_072039_DRO.jpg,2023:03:19 07:20:39,-12.101713166666666,-76.94962308333334,140.0
/OpenCamera/IMG_20230319_072046_DRO.jpg,2023:03:19 07:20:46,-12.101766583333333,-76.94956969444445,141.0
/OpenCamera/IMG_20230319_072052_DRO.jpg,2023:03:19 07:20:52,-12.101893416666666,-76.94947813888889,142.0
/OpenCamera/IMG_20230319_072058_DRO.jpg,2023:03:19 07:20:58,-12.101977333333332,-76.94945525,143.0
/OpenCamera/IMG_20230319_072104_DRO.jpg,2023:03:19 07:21:04,-12.102037416666667,-76.94944761111111,144.0
/OpenCamera/IMG_20230319_072110_DRO.jpg,2023:03:19 07:21:10,-12.102054583333333,-76.94947813888889,148.0
/OpenCamera/IMG_20230319_072117_DRO.jpg,2023:03:19 07:21:17,-12.102117527777777,-76.94947813888889,147.0
/OpenCamera/IMG_20230319_072124_DRO.jpg,2023:03:19 07:21:24,-12.102211944444445,-76.9494705,146.0
/OpenCamera/IMG_20230319_072131_DRO.jpg,2023:03:19 07:21:31,-12.102348305555555,-76.94932555555556,149.0
/OpenCamera/IMG_20230319_072137_DRO.jpg,2023:03:19 07:21:37,-12.102493277777777,-76.94919586111112,146.0
/OpenCamera/IMG_20230319_072144_DRO.jpg,2023:03:19 07:21:44,-12.102538083333332,-76.94908141666667,147.0
/OpenCamera/IMG_20230319_072150_DRO.jpg,2023:03:19 07:21:50,-12.102662083333334,-76.94901275000001,147.0
/OpenCamera/IMG_20230319_072156_DRO.jpg,2023:03:19 07:21:56,-12.102772694444445,-76.94893644444444,149.0
/OpenCamera/IMG_20230319_072202_DRO.jpg,2023:03:19 07:22:02,-12.102854722222222,-76.94889830555556,149.0
/OpenCamera/IMG_20230319_072209_DRO.jpg,2023:03:19 07:22:09,-12.102939583333333,-76.94883727777778,152.0
/OpenCamera/IMG_20230319_072216_DRO.jpg,2023:03:19 07:22:16,-12.102977749999999,-76.94879911111111,153.0
/OpenCamera/IMG_20230319_072223_DRO.jpg,2023:03:19 07:22:23,-12.103067388888888,-76.94875333333334,153.0
/OpenCamera/IMG_20230319_072229_DRO.jpg,2023:03:19 07:22:29,-12.10309313888889,-76.94872283333333,151.0
/OpenCamera/IMG_20230319_072235_DRO.jpg,2023:03:19 07:22:35,-12.103192305555556,-76.94863891666667,151.0
/OpenCamera/IMG_20230319_072242_DRO.jpg,2023:03:19 07:22:42,-12.103351583333334,-76.94844052777778,159.0
/OpenCamera/IMG_20230319_072249_DRO.jpg,2023:03:19 07:22:49,-12.10358236111111,-76.94837186111111,170.0
/OpenCamera/IMG_20230319_072256_DRO.jpg,2023:03:19 07:22:56,-12.103730194444443,-76.94836425,175.0
/OpenCamera/IMG_20230319_072302_DRO.jpg,2023:03:19 07:23:02,-12.103745444444444,-76.94830322222222,177.0
/OpenCamera/IMG_20230319_072309_DRO.jpg,2023:03:19 07:23:09,-12.103799805555555,-76.94838713888889,176.0
/OpenCamera/IMG_20230319_072316_DRO.jpg,2023:03:19 07:23:16,-12.103781694444445,-76.94835661111111,178.0
/OpenCamera/IMG_20230319_072322_DRO.jpg,2023:03:19 07:23:22,-12.103694888888889,-76.9483795,176.0
/OpenCamera/IMG_20230319_072329_DRO.jpg,2023:03:19 07:23:29,-12.10377311111111,-76.94831083333334,176.0
/OpenCamera/IMG_20230319_072335_DRO.jpg,2023:03:19 07:23:35,-12.103719694444445,-76.94836425,176.0
/OpenCamera/IMG_20230319_072342_DRO.jpg,2023:03:19 07:23:42,-12.103696805555556,-76.94839475,173.0
/OpenCamera/IMG_20230319_072348_DRO.jpg,2023:03:19 07:23:48,-12.103752111111111,-76.94834136111112,167.0
/OpenCamera/IMG_20230319_072355_DRO.jpg,2023:03:19 07:23:55,-12.103787416666666,-76.94834897222222,154.0
/OpenCamera/IMG_20230319_072402_DRO.jpg,2023:03:19 07:24:01,-12.103875138888888,-76.94830322222222,147.0
/OpenCamera/IMG_20230319_072408_DRO.jpg,2023:03:19 07:24:08,-12.103946666666666,-76.94825744444445,144.0
/OpenCamera/IMG_20230319_072416_DRO.jpg,2023:03:19 07:24:16,-12.104123111111111,-76.94817350000001,138.0
/OpenCamera/IMG_20230319_072424_DRO.jpg,2023:03:19 07:24:24,-12.104265194444444,-76.94809722222223,135.0
/OpenCamera/IMG_20230319_072431_DRO.jpg,2023:03:19 07:24:31,-12.104374861111111,-76.94804380555556,133.0
/OpenCamera/IMG_20230319_072437_DRO.jpg,2023:03:19 07:24:37,-12.104490277777778,-76.94801330555556,130.0
/OpenCamera/IMG_20230319_072443_DRO.jpg,2023:03:19 07:24:43,-12.104542722222222,-76.94795988888889,130.0
/OpenCamera/IMG_20230319_072450_DRO.jpg,2023:03:19 07:24:50,-12.10465525,-76.94783019444445,129.0
/OpenCamera/IMG_20230319_072457_DRO.jpg,2023:03:19 07:24:56,-12.104698166666667,-76.94774625000001,131.0
/OpenCamera/IMG_20230319_072503_DRO.jpg,2023:03:19 07:25:03,-12.104784944444445,-76.94768522222222,130.0
/OpenCamera/IMG_20230319_072510_DRO.jpg,2023:03:19 07:25:10,-12.10487461111111,-76.94764708333334,131.0
/OpenCamera/IMG_20230319_072516_DRO.jpg,2023:03:19 07:25:16,-12.10498236111111,-76.94755552777778,133.0
/OpenCamera/IMG_20230319_072523_DRO.jpg,2023:03:19 07:25:23,-12.105003333333332,-76.94756316666667,135.0
/OpenCamera/IMG_20230319_072530_DRO.jpg,2023:03:19 07:25:30,-12.105039583333333,-76.94754027777778,133.0
/OpenCamera/IMG_20230319_072536_DRO.jpg,2023:03:19 07:25:36,-12.10517213888889,-76.9474945,129.0
/OpenCamera/IMG_20230319_072543_DRO.jpg,2023:03:19 07:25:43,-12.10524175,-76.94744872222222,126.0
/OpenCamera/IMG_20230319_072550_DRO.jpg,2023:03:19 07:25:50,-12.105293249999999,-76.94738769444444,125.0
/OpenCamera/IMG_20230319_072557_DRO.jpg,2023:03:19 07:25:57,-12.105380055555555,-76.9473266388889,122.0
/OpenCamera/IMG_20230319_072604_DRO.jpg,2023:03:19 07:26:04,-12.105477305555555,-76.94727325000001,119.0
/OpenCamera/IMG_20230319_072611_DRO.jpg,2023:03:19 07:26:11,-12.105625138888888,-76.94715880555556,119.0
/OpenCamera/IMG_20230319_072618_DRO.jpg,2023:03:19 07:26:18,-12.105683305555555,-76.94709777777778,120.0
/OpenCamera/IMG_20230319_072625_DRO.jpg,2023:03:19 07:26:25,-12.105708111111111,-76.9470901388889,120.0
/OpenCamera/IMG_20230319_072632_DRO.jpg,2023:03:19 07:26:32,-12.105648027777777,-76.94710538888889,120.0
/OpenCamera/IMG_20230319_072638_DRO.jpg,2023:03:19 07:26:38,-12.10567186111111,-76.94711302777777,118.0
/OpenCamera/IMG_20230319_072645_DRO.jpg,2023:03:19 07:26:45,-12.105742444444443,-76.94704436111111,119.0
/OpenCamera/IMG_20230319_072652_DRO.jpg,2023:03:19 07:26:52,-12.105813,-76.94701383333334,119.0
/OpenCamera/IMG_20230319_072659_DRO.jpg,2023:03:19 07:26:59,-12.105799666666666,-76.94706725,119.0
/OpenCamera/IMG_20230319_072706_DRO.jpg,2023:03:19 07:27:06,-12.10580538888889,-76.94712066666668,114.0
/OpenCamera/IMG_20230319_072712_DRO.jpg,2023:03:19 07:27:12,-12.10594175,-76.94696044444444,107.0
/OpenCamera/IMG_20230319_072719_DRO.jpg,2023:03:19 07:27:19,-12.106055249999999,-76.9468993888889,105.0
/OpenCamera/IMG_20230319_072727_DRO.jpg,2023:03:19 07:27:27,-12.106055249999999,-76.9468993888889,105.0
/OpenCamera/IMG_20230319_072733_DRO.jpg,2023:03:19 07:27:33,-12.10612486111111,-76.94672391666667,105.0
/OpenCamera/IMG_20230319_072739_DRO.jpg,2023:03:19 07:27:39,-12.1062145,-76.94661711111111,106.0
/OpenCamera/IMG_20230319_072746_DRO.jpg,2023:03:19 07:27:46,-12.106258388888888,-76.94655608333333,108.0
/OpenCamera/IMG_20230319_072753_DRO.jpg,2023:03:19 07:27:53,-12.106298444444445,-76.94644927777779,109.0
/OpenCamera/IMG_20230319_072801_DRO.jpg,2023:03:19 07:28:01,-12.106363277777778,-76.94638061111111,107.0
/OpenCamera/IMG_20230319_072809_DRO.jpg,2023:03:19 07:28:09,-12.106470083333333,-76.94629666666667,106.0
/OpenCamera/IMG_20230319_072816_DRO.jpg,2023:03:19 07:28:16,-12.106459611111111,-76.94617461111112,107.0
/OpenCamera/IMG_20230319_072823_DRO.jpg,2023:03:19 07:28:23,-12.106557833333333,-76.94602963888889,111.0
/OpenCamera/IMG_20230319_072830_DRO.jpg,2023:03:19 07:28:30,-12.10690975,-76.9459915,122.0
/OpenCamera/IMG_20230319_072837_DRO.jpg,2023:03:19 07:28:37,-12.107085222222222,-76.94593047222223,123.0
/OpenCamera/IMG_20230319_072844_DRO.jpg,2023:03:19 07:28:44,-12.10729311111111,-76.94584655555556,123.0
/OpenCamera/IMG_20230319_072851_DRO.jpg,2023:03:19 07:28:51,-12.107307416666666,-76.94551847222223,131.0
/OpenCamera/IMG_20230319_072858_DRO.jpg,2023:03:19 07:28:58,-12.107333166666667,-76.94536588888889,142.0
/OpenCamera/IMG_20230319_072904_DRO.jpg,2023:03:19 07:29:04,-12.107444749999999,-76.94533536111112,154.0
/OpenCamera/IMG_20230319_072911_DRO.jpg,2023:03:19 07:29:11,-12.107487666666666,-76.9451598888889,159.0
/OpenCamera/IMG_20230319_072918_DRO.jpg,2023:03:19 07:29:18,-12.107504833333333,-76.94507597222223,161.0
/OpenCamera/IMG_20230319_072925_DRO.jpg,2023:03:19 07:29:25,-12.10754775,-76.94486997222222,166.0
/OpenCamera/IMG_20230319_072932_DRO.jpg,2023:03:19 07:29:32,-12.107575416666666,-76.94475552777779,172.0
/OpenCamera/IMG_20230319_072939_DRO.jpg,2023:03:19 07:29:39,-12.107791888888888,-76.94458769444445,179.0
/OpenCamera/IMG_20230319_072946_DRO.jpg,2023:03:19 07:29:46,-12.107854833333333,-76.94454955555555,186.0
/OpenCamera/IMG_20230319_072952_DRO.jpg,2023:03:19 07:29:52,-12.10792825,-76.94444272222222,189.0
/OpenCamera/IMG_20230319_073000_DRO.jpg,2023:03:19 07:30:00,-12.108028388888888,-76.94429777777778,192.0
/OpenCamera/IMG_20230319_073007_DRO.jpg,2023:03:19 07:30:07,-12.108064638888889,-76.94426725000001,196.0
/OpenCamera/IMG_20230319_073014_DRO.jpg,2023:03:19 07:30:14,-12.108115194444444,-76.94426725000001,197.0
/OpenCamera/IMG_20230319_073021_DRO.jpg,2023:03:19 07:30:21,-12.108231527777777,-76.94420622222222,200.0
/OpenCamera/IMG_20230319_073027_DRO.jpg,2023:03:19 07:30:27,-12.108286833333333,-76.94415280555556,200.0
/OpenCamera/IMG_20230319_073035_DRO.jpg,2023:03:19 07:30:35,-12.10837838888889,-76.94412991666667,201.0
/OpenCamera/IMG_20230319_073041_DRO.jpg,2023:03:19 07:30:41,-12.108505222222222,-76.9440155,202.0
/OpenCamera/IMG_20230319_073049_DRO.jpg,2023:03:19 07:30:49,-12.108542416666666,-76.94406127777778,213.0
/OpenCamera/IMG_20230319_073055_DRO.jpg,2023:03:19 07:30:55,-12.108545277777777,-76.9440383888889,211.0
/OpenCamera/IMG_20230319_073102_DRO.jpg,2023:03:19 07:31:02,-12.108647333333334,-76.94397733333334,210.0
/OpenCamera/IMG_20230319_073109_DRO.jpg,2023:03:19 07:31:09,-12.109018305555555,-76.94354247222222,224.0
/OpenCamera/IMG_20230319_073115_DRO.jpg,2023:03:19 07:31:15,-12.109248138888889,-76.94349669444445,239.0
/OpenCamera/IMG_20230319_073121_DRO.jpg,2023:03:19 07:31:21,-12.109368305555556,-76.94348144444444,252.0
/OpenCamera/IMG_20230319_073128_DRO.jpg,2023:03:19 07:31:28,-12.109499916666666,-76.94345855555557,263.0
/OpenCamera/IMG_20230319_073135_DRO.jpg,2023:03:19 07:31:35,-12.109698277777778,-76.94342802777778,266.0
/OpenCamera/IMG_20230319_073141_DRO.jpg,2023:03:19 07:31:41,-12.109809861111112,-76.9433975,270.0
/OpenCamera/IMG_20230319_073146_DRO.jpg,2023:03:19 07:31:46,-12.109831805555554,-76.94338225,273.0
/OpenCamera/IMG_20230319_073153_DRO.jpg,2023:03:19 07:31:53,-12.109757416666666,-76.94344327777779,271.0
/OpenCamera/IMG_20230319_073159_DRO.jpg,2023:03:19 07:31:59,-12.109832749999999,-76.94334411111112,267.0
/OpenCamera/IMG_20230319_073206_DRO.jpg,2023:03:19 07:32:06,-12.10988711111111,-76.94335172222223,263.0
/OpenCamera/IMG_20230319_073213_DRO.jpg,2023:03:19 07:32:13,-12.109916666666667,-76.94329833333333,263.0
/OpenCamera/IMG_20230319_073219_DRO.jpg,2023:03:19 07:32:19,-12.110037777777777,-76.94326780555556,264.0
/OpenCamera/IMG_20230319_073226_DRO.jpg,2023:03:19 07:32:26,-12.110090249999999,-76.94322966666667,265.0
/OpenCamera/IMG_20230319_073232_DRO.jpg,2023:03:19 07:32:32,-12.110062583333333,-76.94322202777778,265.0
/OpenCamera/IMG_20230319_073238_DRO.jpg,2023:03:19 07:32:38,-12.110161777777778,-76.94315336111111,265.0
/OpenCamera/IMG_20230319_073244_DRO.jpg,2023:03:19 07:32:44,-12.110412583333334,-76.9431838888889,268.0
/OpenCamera/IMG_20230319_073251_DRO.jpg,2023:03:19 07:32:51,-12.110681527777777,-76.94320677777777,271.0
/OpenCamera/IMG_20230319_073257_DRO.jpg,2023:03:19 07:32:57,-12.11077211111111,-76.94315336111111,272.0
/OpenCamera/IMG_20230319_073304_DRO.jpg,2023:03:19 07:33:04,-12.110837916666666,-76.94308469444445,273.0
/OpenCamera/IMG_20230319_073311_DRO.jpg,2023:03:19 07:33:11,-12.110837916666666,-76.94308469444445,273.0
/OpenCamera/IMG_20230319_073316_DRO.jpg,2023:03:19 07:33:16,-12.110902777777778,-76.94296263888889,277.0
/OpenCamera/IMG_20230319_073323_DRO.jpg,2023:03:19 07:33:23,-12.111102083333334,-76.94283294444445,278.0
/OpenCamera/IMG_20230319_073330_DRO.jpg,2023:03:19 07:33:30,-12.111203166666666,-76.94285583333334,282.0
/OpenCamera/IMG_20230319_073337_DRO.jpg,2023:03:19 07:33:37,-12.111207,-76.94284819444445,282.0
/OpenCamera/IMG_20230319_073345_DRO.jpg,2023:03:19 07:33:45,-12.111212722222222,-76.94280241666667,279.0
/OpenCamera/IMG_20230319_073352_DRO.jpg,2023:03:19 07:33:52,-12.11131475,-76.942749,282.0
/OpenCamera/IMG_20230319_073358_DRO.jpg,2023:03:19 07:33:58,-12.111322388888889,-76.94286344444444,288.0
/OpenCamera/IMG_20230319_073404_DRO.jpg,2023:03:19 07:34:04,-12.111504527777777,-76.94280241666667,290.0
/OpenCamera/IMG_20230319_073410_DRO.jpg,2023:03:19 07:34:10,-12.111650444444445,-76.9427566388889,294.0
/OpenCamera/IMG_20230319_073417_DRO.jpg,2023:03:19 07:34:17,-12.111766805555556,-76.94273375,291.0
/OpenCamera/IMG_20230319_073424_DRO.jpg,2023:03:19 07:34:24,-12.111769666666666,-76.94268033333334,290.0
/OpenCamera/IMG_20230319_073431_DRO.jpg,2023:03:19 07:34:31,-12.111769666666666,-76.94268033333334,290.0
/OpenCamera/IMG_20230319_073437_DRO.jpg,2023:03:19 07:34:37,-12.11185263888889,-76.94267272222223,289.0
/OpenCamera/IMG_20230319_073444_DRO.jpg,2023:03:19 07:34:44,-12.111954666666666,-76.94256591666667,295.0
/OpenCamera/IMG_20230319_073452_DRO.jpg,2023:03:19 07:34:52,-12.112145416666666,-76.9425201388889,293.0
/OpenCamera/IMG_20230319_073459_DRO.jpg,2023:03:19 07:34:59,-12.112262722222221,-76.94250486111112,298.0
/OpenCamera/IMG_20230319_073507_DRO.jpg,2023:03:19 07:35:07,-12.112398138888889,-76.94244383333334,295.0
/OpenCamera/IMG_20230319_073513_DRO.jpg,2023:03:19 07:35:13,-12.112440083333333,-76.94247436111111,293.0
/OpenCamera/IMG_20230319_073520_DRO.jpg,2023:03:19 07:35:20,-12.112446777777777,-76.94242858333334,287.0
/OpenCamera/IMG_20230319_073528_DRO.jpg,2023:03:19 07:35:28,-12.112404805555554,-76.94236752777778,277.0
/OpenCamera/IMG_20230319_073534_DRO.jpg,2023:03:19 07:35:34,-12.11236286111111,-76.94238280555555,273.0
/OpenCamera/IMG_20230319_073541_DRO.jpg,2023:03:19 07:35:41,-12.112433416666667,-76.94233702777778,271.0
/OpenCamera/IMG_20230319_073548_DRO.jpg,2023:03:19 07:35:48,-12.112634638888888,-76.94217680555556,267.0
/OpenCamera/IMG_20230319_073554_DRO.jpg,2023:03:19 07:35:54,-12.112814888888888,-76.9421081388889,268.0
/OpenCamera/IMG_20230319_073600_DRO.jpg,2023:03:19 07:36:00,-12.11298275,-76.94203947222222,268.0
/OpenCamera/IMG_20230319_073606_DRO.jpg,2023:03:19 07:36:06,-12.113212583333333,-76.94195555555557,275.0
/OpenCamera/IMG_20230319_073613_DRO.jpg,2023:03:19 07:36:13,-12.113269805555555,-76.94190977777778,277.0
/OpenCamera/IMG_20230319_073620_DRO.jpg,2023:03:19 07:36:20,-12.113456722222223,-76.94181058333334,277.0
/OpenCamera/IMG_20230319_073627_DRO.jpg,2023:03:19 07:36:27,-12.11360261111111,-76.94168852777779,278.0
/OpenCamera/IMG_20230319_073634_DRO.jpg,2023:03:19 07:36:34,-12.113650305555556,-76.94165038888889,280.0
/OpenCamera/IMG_20230319_073641_DRO.jpg,2023:03:19 07:36:41,-12.113557805555555,-76.94158933333334,302.0
/OpenCamera/IMG_20230319_073647_DRO.jpg,2023:03:19 07:36:47,-12.11361788888889,-76.94156644444445,303.0
/OpenCamera/IMG_20230319_073653_DRO.jpg,2023:03:19 07:36:53,-12.113721833333333,-76.94157408333334,304.0
/OpenCamera/IMG_20230319_073700_DRO.jpg,2023:03:19 07:37:00,-12.113750444444443,-76.94160461111112,310.0
/OpenCamera/IMG_20230319_073707_DRO.jpg,2023:03:19 07:37:07,-12.113718027777777,-76.94156644444445,307.0
/OpenCamera/IMG_20230319_073714_DRO.jpg,2023:03:19 07:37:14,-12.113710388888888,-76.94154355555555,303.0
/OpenCamera/IMG_20230319_073720_DRO.jpg,2023:03:19 07:37:20,-12.113686555555555,-76.94154355555555,303.0
/OpenCamera/IMG_20230319_073727_DRO.jpg,2023:03:19 07:37:27,-12.113738055555554,-76.941452,301.0
/OpenCamera/IMG_20230319_073734_DRO.jpg,2023:03:19 07:37:34,-12.113878249999999,-76.94136047222223,300.0
/OpenCamera/IMG_20230319_073741_DRO.jpg,2023:03:19 07:37:41,-12.113965027777777,-76.94132994444445,300.0
/OpenCamera/IMG_20230319_073747_DRO.jpg,2023:03:19 07:37:47,-12.114089944444444,-76.94130705555555,300.0
/OpenCamera/IMG_20230319_073754_DRO.jpg,2023:03:19 07:37:54,-12.114199611111111,-76.94124602777778,302.0
/OpenCamera/IMG_20230319_073801_DRO.jpg,2023:03:19 07:38:01,-12.11430738888889,-76.94114683333333,303.0
/OpenCamera/IMG_20230319_073808_DRO.jpg,2023:03:19 07:38:08,-12.114327416666667,-76.94114683333333,304.0
/OpenCamera/IMG_20230319_073814_DRO.jpg,2023:03:19 07:38:14,-12.114350305555556,-76.94106291666667,303.0
/OpenCamera/IMG_20230319_073822_DRO.jpg,2023:03:19 07:38:22,-12.114415166666666,-76.94105527777778,305.0
/OpenCamera/IMG_20230319_073829_DRO.jpg,2023:03:19 07:38:29,-12.114562972222222,-76.94094083333334,305.0
/OpenCamera/IMG_20230319_073837_DRO.jpg,2023:03:19 07:38:37,-12.114700305555555,-76.94085691666668,306.0
/OpenCamera/IMG_20230319_073843_DRO.jpg,2023:03:19 07:38:43,-12.114812833333334,-76.94073486111111,308.0
/OpenCamera/IMG_20230319_073850_DRO.jpg,2023:03:19 07:38:50,-12.1148195,-76.94065855555556,306.0
/OpenCamera/IMG_20230319_073856_DRO.jpg,2023:03:19 07:38:56,-12.114836666666667,-76.9406051388889,305.0
/OpenCamera/IMG_20230319_073902_DRO.jpg,2023:03:19 07:39:02,-12.114953027777778,-76.94057463888889,307.0
/OpenCamera/IMG_20230319_073908_DRO.jpg,2023:03:19 07:39:08,-12.115055083333333,-76.94050597222223,308.0
/OpenCamera/IMG_20230319_073915_DRO.jpg,2023:03:19 07:39:15,-12.115157111111111,-76.94045255555555,309.0
/OpenCamera/IMG_20230319_073921_DRO.jpg,2023:03:19 07:39:21,-12.115335444444444,-76.9403305,307.0
/OpenCamera/IMG_20230319_073928_DRO.jpg,2023:03:19 07:39:28,-12.115402222222222,-76.94026183333334,310.0
/OpenCamera/IMG_20230319_073935_DRO.jpg,2023:03:19 07:39:35,-12.115438444444445,-76.94026944444445,311.0
/OpenCamera/IMG_20230319_073941_DRO.jpg,2023:03:19 07:39:41,-12.115406972222221,-76.94028472222223,311.0
/OpenCamera/IMG_20230319_073947_DRO.jpg,2023:03:19 07:39:47,-12.115347861111111,-76.94038388888889,305.0
/OpenCamera/IMG_20230319_073954_DRO.jpg,2023:03:19 07:39:54,-12.115425083333333,-76.94026944444445,304.0
/OpenCamera/IMG_20230319_074001_DRO.jpg,2023:03:19 07:40:01,-12.115756972222222,-76.93999480555556,314.0
/OpenCamera/IMG_20230319_074007_DRO.jpg,2023:03:19 07:40:07,-12.115973472222223,-76.94000241666667,321.0
/OpenCamera/IMG_20230319_074013_DRO.jpg,2023:03:19 07:40:13,-12.116091722222222,-76.93988800000001,323.0
/OpenCamera/IMG_20230319_074020_DRO.jpg,2023:03:19 07:40:20,-12.116208055555555,-76.93981933333333,326.0
/OpenCamera/IMG_20230319_074026_DRO.jpg,2023:03:19 07:40:26,-12.11619661111111,-76.93985747222223,335.0
/OpenCamera/IMG_20230319_074032_DRO.jpg,2023:03:19 07:40:32,-12.116136527777778,-76.93972013888889,344.0
/OpenCamera/IMG_20230319_074039_DRO.jpg,2023:03:19 07:40:39,-12.116271972222222,-76.93957519444444,359.0
/OpenCamera/IMG_20230319_074046_DRO.jpg,2023:03:19 07:40:46,-12.116393083333334,-76.93955991666667,376.0
/OpenCamera/IMG_20230319_074052_DRO.jpg,2023:03:19 07:40:52,-12.116394972222222,-76.93958280555556,373.0
/OpenCamera/IMG_20230319_074058_DRO.jpg,2023:03:19 07:40:58,-12.116430277777777,-76.93952177777778,371.0
/OpenCamera/IMG_20230319_074104_DRO.jpg,2023:03:19 07:41:04,-12.116339666666667,-76.93946836111111,372.0
/OpenCamera/IMG_20230319_074111_DRO.jpg,2023:03:19 07:41:11,-12.11607263888889,-76.93943022222223,359.0
/OpenCamera/IMG_20230319_074117_DRO.jpg,2023:03:19 07:41:17,-12.115886666666666,-76.93930816666668,345.0
/OpenCamera/IMG_20230319_074123_DRO.jpg,2023:03:19 07:41:23,-12.115717861111111,-76.93916319444445,340.0
/OpenCamera/IMG_20230319_074129_DRO.jpg,2023:03:19 07:41:29,-12.115693083333333,-76.93894958333334,348.0
/OpenCamera/IMG_20230319_074135_DRO.jpg,2023:03:19 07:41:35,-12.115556694444445,-76.93887327777779,354.0
/OpenCamera/IMG_20230319_074141_DRO.jpg,2023:03:19 07:41:41,-12.11556813888889,-76.9388275,358.0
/OpenCamera/IMG_20230319_074148_DRO.jpg,2023:03:19 07:41:48,-12.115436527777778,-76.93869016666667,361.0
/OpenCamera/IMG_20230319_074155_DRO.jpg,2023:03:19 07:41:55,-12.115385055555555,-76.93864438888889,363.0
/OpenCamera/IMG_20230319_074201_DRO.jpg,2023:03:19 07:42:01,-12.115460388888888,-76.93867491666667,368.0
/OpenCamera/IMG_20230319_074208_DRO.jpg,2023:03:19 07:42:08,-12.115502333333334,-76.93865202777778,371.0
/OpenCamera/IMG_20230319_074214_DRO.jpg,2023:03:19 07:42:14,-12.115469916666667,-76.93860625,370.0
/OpenCamera/IMG_20230319_074220_DRO.jpg,2023:03:19 07:42:20,-12.115443222222222,-76.93854522222223,368.0
/OpenCamera/IMG_20230319_074226_DRO.jpg,2023:03:19 07:42:26,-12.11544225,-76.93854522222223,367.0
/OpenCamera/IMG_20230319_074232_DRO.jpg,2023:03:19 07:42:32,-12.11544225,-76.93854522222223,367.0
/OpenCamera/IMG_20230319_074238_DRO.jpg,2023:03:19 07:42:38,-12.11544225,-76.93854522222223,367.0
/OpenCamera/IMG_20230319_074244_DRO.jpg,2023:03:19 07:42:44,-12.115331638888888,-76.93836211111112,358.0
/OpenCamera/IMG_20230319_074250_DRO.jpg,2023:03:19 07:42:50,-12.115206694444444,-76.93824002777778,358.0
/OpenCamera/IMG_20230319_074256_DRO.jpg,2023:03:19 07:42:56,-12.115130416666666,-76.93825530555556,354.0
/OpenCamera/IMG_20230319_074303_DRO.jpg,2023:03:19 07:43:03,-12.115186666666666,-76.93822477777778,351.0
/OpenCamera/IMG_20230319_074309_DRO.jpg,2023:03:19 07:43:09,-12.115167611111112,-76.93813322222222,351.0
/OpenCamera/IMG_20230319_074315_DRO.jpg,2023:03:19 07:43:15,-12.115027416666667,-76.93801116666667,351.0
/OpenCamera/IMG_20230319_074321_DRO.jpg,2023:03:19 07:43:21,-12.114968277777777,-76.93792722222223,351.0
/OpenCamera/IMG_20230319_074327_DRO.jpg,2023:03:19 07:43:27,-12.114968277777777,-76.93791197222222,351.0
/OpenCamera/IMG_20230319_074333_DRO.jpg,2023:03:19 07:43:33,-12.114968277777777,-76.93791197222222,351.0
/OpenCamera/IMG_20230319_074341_DRO.jpg,2023:03:19 07:43:41,-12.114890083333332,-76.93769072222223,348.0
/OpenCamera/IMG_20230319_074347_DRO.jpg,2023:03:19 07:43:47,-12.114751805555555,-76.93757627777778,347.0
/OpenCamera/IMG_20230319_074353_DRO.jpg,2023:03:19 07:43:53,-12.114714611111111,-76.93754575,350.0
/OpenCamera/IMG_20230319_074400_DRO.jpg,2023:03:19 07:44:00,-12.114663111111112,-76.93748472222222,350.0
/OpenCamera/IMG_20230319_074406_DRO.jpg,2023:03:19 07:44:06,-12.114600166666666,-76.93740080555555,348.0
/OpenCamera/IMG_20230319_074413_DRO.jpg,2023:03:19 07:44:13,-12.114537222222221,-76.93737027777779,344.0
/OpenCamera/IMG_20230319_074419_DRO.jpg,2023:03:19 07:44:19,-12.114459972222221,-76.93728636111112,340.0
/OpenCamera/IMG_20230319_074425_DRO.jpg,2023:03:19 07:44:25,-12.114304527777778,-76.93721769444444,340.0
/OpenCamera/IMG_20230319_074432_DRO.jpg,2023:03:19 07:44:32,-12.114256833333332,-76.93711852777778,339.0
/OpenCamera/IMG_20230319_074438_DRO.jpg,2023:03:19 07:44:38,-12.114252083333334,-76.93704986111112,338.0
/OpenCamera/IMG_20230319_074445_DRO.jpg,2023:03:19 07:44:45,-12.114273055555556,-76.93701169444445,338.0
/OpenCamera/IMG_20230319_074450_DRO.jpg,2023:03:19 07:44:50,-12.11431788888889,-76.93707275,337.0
/OpenCamera/IMG_20230319_074457_DRO.jpg,2023:03:19 07:44:57,-12.114339805555556,-76.93702697222223,338.0
/OpenCamera/IMG_20230319_074504_DRO.jpg,2023:03:19 07:45:04,-12.114330277777777,-76.93711852777778,340.0
/OpenCamera/IMG_20230319_074510_DRO.jpg,2023:03:19 07:45:10,-12.114348388888889,-76.93717955555556,344.0
/OpenCamera/IMG_20230319_074516_DRO.jpg,2023:03:19 07:45:16,-12.11437511111111,-76.93718719444445,361.0
/OpenCamera/IMG_20230319_074523_DRO.jpg,2023:03:19 07:45:23,-12.11448286111111,-76.93733977777778,337.0
/OpenCamera/IMG_20230319_074529_DRO.jpg,2023:03:19 07:45:29,-12.114524833333332,-76.93740844444444,337.0
/OpenCamera/IMG_20230319_074536_DRO.jpg,2023:03:19 07:45:36,-12.114462833333333,-76.9375,336.0
/OpenCamera/IMG_20230319_074543_DRO.jpg,2023:03:19 07:45:43,-12.11446475,-76.93753050000001,338.0
