Date,Tiempo,Lat,Long,Altitude,Speed
0/0/2000,9:12:19,-12.1133203506,-76.9386825561,156.40,18520000.00
0/0/2000,9:12:22,-12.1111297607,-76.9392166137,336.90,18520000.00
0/0/2000,9:12:25,-12.1115703582,-76.9392318725,295.10,18520000.00
0/0/2000,9:12:28,-12.1116399765,-76.9392013549,289.40,18520000.00
0/0/2000,9:12:31,-12.1116199493,-76.9391937255,291.80,18520000.00
0/0/2000,9:12:34,-12.1115503311,-76.9391632080,298.60,18520000.00
0/0/2000,9:12:37,-12.1114997863,-76.9391326904,301.60,18520000.00
0/0/2000,9:12:40,-12.1114501953,-76.9391021728,303.40,18520000.00
0/0/2000,9:12:43,-12.1113996505,-76.9390563964,303.60,18520000.00
0/0/2000,9:12:46,-12.1113500595,-76.9390411376,303.60,18520000.00
0/0/2000,9:12:49,-12.1113100051,-76.9390106201,303.20,18520000.00
0/0/2000,9:12:52,-12.1112699508,-76.9389877319,302.30,18520000.00
0/0/2000,9:12:55,-12.1112403869,-76.9389572143,301.00,18520000.00
0/0/2000,9:12:58,-12.1112203598,-76.9389190673,298.90,18520000.00
0/0/2000,9:13:1,-12.1111803054,-76.9388732910,299.70,18520000.00
0/0/2000,9:13:4,-12.1111297607,-76.9388275146,301.10,18520000.00
0/0/2000,9:13:7,-12.1110801696,-76.9387893676,302.10,18520000.00
0/0/2000,9:13:10,-12.1110601425,-76.9387512207,302.50,18520000.00
0/0/2000,9:13:13,-12.1110200881,-76.9387130737,301.60,18520000.00
0/0/2000,9:13:16,-12.1109800338,-76.9386825561,301.50,18520000.00
0/0/2000,9:13:19,-12.1109304428,-76.9386367797,300.70,18520000.00
0/0/2000,9:13:22,-12.1108903884,-76.9385986328,296.90,18520000.00
0/0/2000,9:13:25,-12.1108703613,-76.9385604858,294.50,18520000.00
0/0/2000,9:13:28,-12.1108503341,-76.9385223388,296.40,18520000.00
0/0/2000,9:13:31,-12.1108703613,-76.9385223388,298.30,18520000.00
0/0/2000,9:13:34,-12.1108398437,-76.9385223388,297.80,18520000.00
0/0/2000,9:13:37,-12.1108903884,-76.9385070800,294.70,18520000.00
0/0/2000,9:13:40,-12.1108903884,-76.9384994506,292.90,18520000.00
0/0/2000,9:13:43,-12.1108598709,-76.9384994506,293.90,18520000.00
0/0/2000,9:13:46,-12.1108798980,-76.9385299682,293.50,18520000.00
0/0/2000,9:13:49,-12.1109199523,-76.9385528564,293.20,18520000.00
0/0/2000,9:13:52,-12.1110000610,-76.9385299682,288.30,18520000.00
0/0/2000,9:13:55,-12.1111602783,-76.9384918212,276.60,18520000.00
0/0/2000,9:13:58,-12.1112699508,-76.9384765625,271.40,18520000.00
0/0/2000,9:14:1,-12.1114101409,-76.9384307861,265.50,18520000.00
0/0/2000,9:14:4,-12.1114902496,-76.9383621215,261.60,18520000.00
0/0/2000,9:14:7,-12.1115703582,-76.9383316040,262.90,18520000.00
0/0/2000,9:14:10,-12.1115703582,-76.9382629394,261.00,18520000.00
0/0/2000,9:14:13,-12.1117200851,-76.9382400512,253.40,18520000.00
0/0/2000,9:14:16,-12.1119403839,-76.9382171630,242.80,18520000.00
0/0/2000,9:14:19,-12.1119899749,-76.9382019042,238.70,18520000.00
0/0/2000,9:14:22,-12.1121196746,-76.9382019042,231.60,18520000.00
0/0/2000,9:14:25,-12.1122303009,-76.9381790161,226.40,18520000.00
0/0/2000,9:14:28,-12.1123399734,-76.9381332397,221.60,18520000.00
0/0/2000,9:14:31,-12.1116504669,-76.9380493164,276.70,18520000.00
0/0/2000,9:14:34,-12.1116600036,-76.9379730224,280.00,18520000.00
0/0/2000,9:14:37,-12.1117000579,-76.9380035400,287.50,18520000.00
0/0/2000,9:14:40,-12.1117296218,-76.9379501342,292.00,18520000.00
0/0/2000,9:14:43,-12.1117696762,-76.9379272460,293.20,18520000.00
0/0/2000,9:14:46,-12.1118097305,-76.9379425048,293.80,18520000.00
0/0/2000,9:14:49,-12.1118497848,-76.9379425048,294.50,18520000.00
0/0/2000,9:14:52,-12.1118803024,-76.9379196166,293.00,18520000.00
0/0/2000,9:14:55,-12.1119203567,-76.9378814697,296.80,18520000.00
0/0/2000,9:14:58,-12.1119604110,-76.9378585815,301.20,18520000.00
0/0/2000,9:15:1,-12.1120004653,-76.9378280639,297.90,18520000.00
0/0/2000,9:15:4,-12.1120500564,-76.9378204345,295.00,18520000.00
0/0/2000,9:15:7,-12.1120901107,-76.9378128051,295.80,18520000.00
0/0/2000,9:15:10,-12.1121397018,-76.9377517700,294.80,18520000.00
0/0/2000,9:15:13,-12.1121797561,-76.9376678466,298.10,18520000.00
0/0/2000,9:15:16,-12.1122102737,-76.9375915527,305.80,18520000.00
0/0/2000,9:15:19,-12.1122503280,-76.9375534057,307.20,18520000.00
0/0/2000,9:15:22,-12.1122903823,-76.9375534057,308.70,18520000.00
0/0/2000,9:15:25,-12.1123304367,-76.9375076293,310.40,18520000.00
0/0/2000,9:15:28,-12.1123600006,-76.9374618530,315.20,18520000.00
0/0/2000,9:15:31,-12.1124000549,-76.9373931884,315.90,18520000.00
0/0/2000,9:15:34,-12.1124401092,-76.9373474121,323.30,18520000.00
0/0/2000,9:15:37,-12.1124696731,-76.9373016357,325.60,18520000.00
0/0/2000,9:15:40,-12.1125097274,-76.9372711181,323.60,18520000.00
0/0/2000,9:15:43,-12.1125497817,-76.9372482299,323.70,18520000.00
0/0/2000,9:15:46,-12.1125898361,-76.9372634887,324.50,18520000.00
0/0/2000,9:15:49,-12.1126403808,-76.9372177124,324.40,18520000.00
0/0/2000,9:15:52,-12.1126699447,-76.9372024536,326.90,18520000.00
0/0/2000,9:15:55,-12.1127099990,-76.9371490478,325.10,18520000.00
0/0/2000,9:15:58,-12.1127395629,-76.9371185302,323.80,18520000.00
0/0/2000,9:16:1,-12.1127796173,-76.9370880126,324.20,18520000.00
0/0/2000,9:16:4,-12.1128101348,-76.9370574951,329.20,18520000.00
0/0/2000,9:16:7,-12.1128396987,-76.9370117187,329.50,18520000.00
0/0/2000,9:16:10,-12.1128797531,-76.9369735717,330.40,18520000.00
0/0/2000,9:16:13,-12.1129198074,-76.9369201660,331.00,18520000.00
0/0/2000,9:16:16,-12.1129503250,-76.9368896484,333.80,18520000.00
0/0/2000,9:16:19,-12.1129798889,-76.9368515014,332.00,18520000.00
0/0/2000,9:16:22,-12.1130199432,-76.9368286132,333.40,18520000.00
0/0/2000,9:16:25,-12.1130599975,-76.9367980957,334.80,18520000.00
0/0/2000,9:16:28,-12.1131000518,-76.9367828369,337.40,18520000.00
0/0/2000,9:16:31,-12.1131296157,-76.9367523193,337.00,18520000.00
0/0/2000,9:16:34,-12.1131601333,-76.9367294311,336.00,18520000.00
0/0/2000,9:16:37,-12.1132001876,-76.9366989135,334.20,18520000.00
0/0/2000,9:16:40,-12.1132402420,-76.9366912841,338.00,18520000.00
0/0/2000,9:16:43,-12.1132802963,-76.9366836547,340.20,18520000.00
0/0/2000,9:16:46,-12.1133098602,-76.9366378784,341.60,18520000.00
0/0/2000,9:16:49,-12.1133298873,-76.9365463256,342.50,18520000.00
0/0/2000,9:16:52,-12.1133604049,-76.9365234375,343.30,18520000.00
0/0/2000,9:16:55,-12.1134099960,-76.9365386962,342.90,18520000.00
0/0/2000,9:16:58,-12.1134500503,-76.9365615844,340.90,18520000.00
0/0/2000,9:17:1,-12.1134796142,-76.9365386962,338.30,18520000.00
0/0/2000,9:17:4,-12.1134796142,-76.9365234375,341.70,18520000.00
6/6/2023,9:17:7,-12.1134901046,-76.9365005493,10000000.00,1.78
6/6/2023,9:17:10,-12.1134996414,-76.9365081787,10000000.00,1.46
6/6/2023,9:17:13,-12.1135301589,-76.9365081787,344.90,1.46
6/6/2023,9:17:16,-12.1135702133,-76.9365005493,344.10,1.46
6/6/2023,9:17:19,-12.1136102676,-76.9365005493,344.90,1.46
6/6/2023,9:17:22,-12.1136503219,-76.9365005493,344.40,1.46
6/6/2023,9:17:25,-12.1136999130,-76.9364929199,346.50,1.46
6/6/2023,9:17:28,-12.1137599945,-76.9364700317,346.10,1.46
6/6/2023,9:17:31,-12.1138000488,-76.9364471435,347.70,1.46
6/6/2023,9:17:34,-12.1138496398,-76.9364395141,349.20,1.46
6/6/2023,9:17:37,-12.1138896942,-76.9364624023,347.50,1.46
6/6/2023,9:17:40,-12.1139297485,-76.9365081787,347.20,1.46
6/6/2023,9:17:43,-12.1139698028,-76.9365463256,348.80,1.46
6/6/2023,9:17:46,-12.1140098571,-76.9365997314,349.40,1.46
6/6/2023,9:17:49,-12.1140499114,-76.9366683959,351.80,1.46
6/6/2023,9:17:52,-12.1141004562,-76.9367294311,352.40,1.46
6/6/2023,9:17:55,-12.1141300201,-76.9367599487,350.10,1.46
6/6/2023,9:17:58,-12.1141700744,-76.9367904663,348.60,1.46
6/6/2023,9:18:1,-12.1142101287,-76.9368209838,345.70,1.46
6/6/2023,9:18:4,-12.1142396926,-76.9368667602,344.50,1.46
6/6/2023,9:18:7,-12.1142902374,-76.9369430541,347.30,1.46
6/6/2023,9:18:10,-12.1143302917,-76.9369888305,347.10,1.46
6/6/2023,9:18:13,-12.1143598556,-76.9370269775,347.70,1.46
6/6/2023,9:18:16,-12.1144104003,-76.9370880126,348.30,1.46
6/6/2023,9:18:19,-12.1144504547,-76.9371185302,346.00,1.46
6/6/2023,9:18:22,-12.1144895553,-76.9371795654,346.20,1.46
6/6/2023,9:18:25,-12.1145496368,-76.9372711181,349.00,1.46
6/6/2023,9:18:28,-12.1145896911,-76.9373397827,351.30,1.46
6/6/2023,9:18:31,-12.1146297454,-76.9373703002,350.20,1.46
6/6/2023,9:18:34,-12.1146602630,-76.9374237060,349.20,1.46
6/6/2023,9:18:37,-12.1147003173,-76.9374465942,347.70,1.46
6/6/2023,9:18:40,-12.1147298812,-76.9374923706,347.50,1.46
6/6/2023,9:18:43,-12.1147699356,-76.9375305175,346.60,1.46
6/6/2023,9:18:46,-12.1148099899,-76.9375762939,346.00,1.46
6/6/2023,9:18:49,-12.1148300170,-76.9375991821,345.00,1.46
6/6/2023,9:18:52,-12.1148595809,-76.9376296997,344.10,1.46
6/6/2023,9:18:55,-12.1148996353,-76.9376907348,344.00,1.46
6/6/2023,9:18:58,-12.1149301528,-76.9377365112,344.80,1.46
6/6/2023,9:19:1,-12.1149702072,-76.9377899169,345.60,1.46
6/6/2023,9:19:4,-12.1150102615,-76.9378280639,344.70,1.46
6/6/2023,9:19:7,-12.1150503158,-76.9378814697,348.50,1.46
6/6/2023,9:19:10,-12.1150798797,-76.9379196166,347.80,1.46
6/6/2023,9:19:13,-12.1151103973,-76.9379577636,348.10,1.46
6/6/2023,9:19:16,-12.1151504516,-76.9380111694,351.90,1.46
6/6/2023,9:19:19,-12.1152000427,-76.9380722045,352.50,1.46
6/6/2023,9:19:22,-12.1152400970,-76.9381103515,354.70,1.46
6/6/2023,9:19:25,-12.1152801513,-76.9381637573,355.20,1.46
6/6/2023,9:19:28,-12.1153202056,-76.9382095336,353.90,1.46
6/6/2023,9:19:31,-12.1153697967,-76.9382629394,354.60,1.46
6/6/2023,9:19:34,-12.1154203414,-76.9383087158,357.00,1.46
6/6/2023,9:19:37,-12.1154603958,-76.9383697509,359.60,1.46
6/6/2023,9:19:40,-12.1155004501,-76.9384231567,359.90,1.46
6/6/2023,9:19:43,-12.1155395507,-76.9384613037,360.70,1.46
6/6/2023,9:19:46,-12.1155900955,-76.9385070800,362.20,1.46
6/6/2023,9:19:49,-12.1156196594,-76.9385528564,360.90,1.46
6/6/2023,9:19:52,-12.1156597137,-76.9385910034,360.10,1.46
6/6/2023,9:19:55,-12.1156902313,-76.9386291503,360.40,1.46
6/6/2023,9:19:58,-12.1157302856,-76.9386672973,361.30,1.46
6/6/2023,9:20:1,-12.1157598495,-76.9386978149,357.60,1.46
6/6/2023,9:20:4,-12.1157999038,-76.9387588500,360.20,1.46
6/6/2023,9:20:7,-12.1158504486,-76.9388122558,361.50,1.46
6/6/2023,9:20:10,-12.1158895492,-76.9388504028,362.40,1.46
6/6/2023,9:20:13,-12.1159296035,-76.9388885498,358.00,1.46
6/6/2023,9:20:16,-12.1159696578,-76.9389190673,355.00,1.46
6/6/2023,9:20:19,-12.1160097122,-76.9389724731,355.20,1.46
6/6/2023,9:20:22,-12.1160402297,-76.9390182495,356.70,1.46
6/6/2023,9:20:25,-12.1160697937,-76.9390792846,357.00,1.46
6/6/2023,9:20:28,-12.1160802841,-76.9391326904,356.20,1.46
6/6/2023,9:20:31,-12.1160802841,-76.9392013549,356.90,1.46
6/6/2023,9:20:34,-12.1160602569,-76.9392623901,356.10,1.46
6/6/2023,9:20:37,-12.1160297393,-76.9393081665,354.30,1.46
6/6/2023,9:20:40,-12.1159896850,-76.9393386840,351.30,1.46
6/6/2023,9:20:43,-12.1159496307,-76.9393768310,348.60,1.46
6/6/2023,9:20:46,-12.1159095764,-76.9394073486,347.70,1.46
6/6/2023,9:20:49,-12.1158599853,-76.9394531250,346.60,1.46
6/6/2023,9:20:52,-12.1158103942,-76.9394912719,346.00,1.46
6/6/2023,9:20:55,-12.1157598495,-76.9395370483,345.30,1.46
6/6/2023,9:20:58,-12.1157102584,-76.9395828247,344.40,1.46
6/6/2023,9:21:1,-12.1156797409,-76.9396133422,343.70,1.46
6/6/2023,9:21:4,-12.1156396865,-76.9396591186,343.90,1.46
6/6/2023,9:21:7,-12.1156196594,-76.9396972656,342.10,1.46
6/6/2023,9:21:10,-12.1155796051,-76.9397277832,343.30,1.46
6/6/2023,9:21:13,-12.1155395507,-76.9397735595,344.70,1.46
6/6/2023,9:21:16,-12.1155004501,-76.9397964477,346.60,1.46
6/6/2023,9:21:19,-12.1154603958,-76.9398193359,346.30,1.46
6/6/2023,9:21:22,-12.1154203414,-76.9398498535,347.30,1.46
6/6/2023,9:21:25,-12.1153697967,-76.9398803710,345.00,1.46
6/6/2023,9:21:28,-12.1153297424,-76.9399185180,343.30,1.46
6/6/2023,9:21:31,-12.1152801513,-76.9399719238,342.90,1.46
6/6/2023,9:21:34,-12.1152200698,-76.9400177001,342.30,1.46
6/6/2023,9:21:37,-12.1151695251,-76.9400711059,341.60,1.46
6/6/2023,9:21:40,-12.1151199340,-76.9401092529,340.90,1.46
6/6/2023,9:21:43,-12.1150798797,-76.9401321411,340.50,1.46
6/6/2023,9:21:46,-12.1150197982,-76.9401779174,340.60,1.46
6/6/2023,9:21:49,-12.1149797439,-76.9402236938,340.50,1.46
6/6/2023,9:21:52,-12.1149301528,-76.9402618408,340.40,1.46
6/6/2023,9:21:55,-12.1148900985,-76.9402923583,338.20,1.46
6/6/2023,9:21:58,-12.1148500442,-76.9403228759,337.50,1.46
6/6/2023,9:22:1,-12.1147899627,-76.9403610229,338.30,1.46
6/6/2023,9:22:4,-12.1147499084,-76.9403991699,337.20,1.46
6/6/2023,9:22:7,-12.1147003173,-76.9404525756,337.50,1.46
6/6/2023,9:22:10,-12.1146497726,-76.9404983520,336.80,1.46
6/6/2023,9:22:13,-12.1146001815,-76.9405364990,336.10,1.46
6/6/2023,9:22:16,-12.1145401000,-76.9405822753,335.30,1.46
6/6/2023,9:22:19,-12.1145000457,-76.9406280517,335.00,1.46
6/6/2023,9:22:22,-12.1144399642,-76.9406814575,335.70,1.46
6/6/2023,9:22:25,-12.1143903732,-76.9407196044,335.90,1.46
6/6/2023,9:22:28,-12.1143398284,-76.9407577514,334.90,1.46
6/6/2023,9:22:31,-12.1142997741,-76.9407882690,333.90,1.46
6/6/2023,9:22:34,-12.1142501831,-76.9408416748,333.30,1.46
6/6/2023,9:22:37,-12.1141996383,-76.9408874511,331.90,1.46
6/6/2023,9:22:40,-12.1141595840,-76.9409332275,331.60,1.46
6/6/2023,9:22:43,-12.1141004562,-76.9409713745,331.00,1.46
6/6/2023,9:22:46,-12.1140499114,-76.9410095214,330.70,1.46
6/6/2023,9:22:49,-12.1140003204,-76.9410476684,330.10,1.46
6/6/2023,9:22:52,-12.1139602661,-76.9410934448,329.30,1.46
6/6/2023,9:22:55,-12.1139097213,-76.9411392211,328.60,1.46
6/6/2023,9:22:58,-12.1138601303,-76.9411697387,328.00,1.46
6/6/2023,9:23:1,-12.1138095855,-76.9412078857,327.60,1.46
6/6/2023,9:23:4,-12.1137599945,-76.9412384033,327.20,1.46
6/6/2023,9:23:7,-12.1137104034,-76.9412765502,327.60,1.46
6/6/2023,9:23:10,-12.1136598587,-76.9413070678,327.40,1.46
6/6/2023,9:23:13,-12.1135997772,-76.9413375854,327.60,1.46
6/6/2023,9:23:16,-12.1135597229,-76.9413681030,327.20,1.46
6/6/2023,9:23:19,-12.1135196685,-76.9414062500,326.40,1.46
6/6/2023,9:23:22,-12.1134595870,-76.9414291381,326.20,1.46
6/6/2023,9:23:25,-12.1134099960,-76.9414596557,325.00,1.46
6/6/2023,9:23:28,-12.1133604049,-76.9414825439,323.90,1.46
6/6/2023,9:23:31,-12.1133098602,-76.9414978027,323.50,1.46
6/6/2023,9:23:34,-12.1132602691,-76.9415435791,323.60,1.46
6/6/2023,9:23:37,-12.1132097244,-76.9415664672,322.70,1.46
6/6/2023,9:23:40,-12.1131696701,-76.9416122436,322.80,1.46
6/6/2023,9:23:43,-12.1131200790,-76.9416275024,322.80,1.46
6/6/2023,9:23:46,-12.1130599975,-76.9416580200,323.20,1.46
6/6/2023,9:23:49,-12.1130104064,-76.9416732788,322.20,1.46
6/6/2023,9:23:52,-12.1129703521,-76.9417037963,321.90,1.46
6/6/2023,9:23:55,-12.1129102706,-76.9417114257,321.80,1.46
6/6/2023,9:23:58,-12.1128501892,-76.9417190551,322.10,1.46
6/6/2023,9:24:1,-12.1127996444,-76.9417419433,321.80,1.46
6/6/2023,9:24:4,-12.1127395629,-76.9417724609,322.50,1.46
6/6/2023,9:24:7,-12.1126804351,-76.9417877197,323.00,1.46
6/6/2023,9:24:10,-12.1126298904,-76.9418106079,323.90,1.46
6/6/2023,9:24:13,-12.1125802993,-76.9418411254,323.20,1.46
6/6/2023,9:24:16,-12.1125297546,-76.9418563842,322.20,1.46
6/6/2023,9:24:19,-12.1124801635,-76.9418716430,321.20,1.46
6/6/2023,9:24:22,-12.1124296188,-76.9418869018,321.00,1.46
6/6/2023,9:24:25,-12.1123895645,-76.9419326782,320.90,1.46
6/6/2023,9:24:28,-12.1123504638,-76.9419631958,320.90,1.46
6/6/2023,9:24:31,-12.1122903823,-76.9419631958,320.00,1.46
6/6/2023,9:24:34,-12.1122398376,-76.9419708251,319.40,1.46
6/6/2023,9:24:37,-12.1121902465,-76.9420013427,318.90,1.46
6/6/2023,9:24:40,-12.1121397018,-76.9420166015,319.20,1.46
6/6/2023,9:24:43,-12.1120796203,-76.9420166015,318.70,1.46
6/6/2023,9:24:46,-12.1120300292,-76.9420394897,319.80,1.46
6/6/2023,9:24:49,-12.1119804382,-76.9420700073,319.30,1.46
6/6/2023,9:24:52,-12.1119203567,-76.9420928955,319.90,1.46
6/6/2023,9:24:55,-12.1118698120,-76.9421081542,320.60,1.46
6/6/2023,9:24:58,-12.1118097305,-76.9421386718,319.70,1.46
6/6/2023,9:25:1,-12.1117601394,-76.9421615600,317.70,1.46
6/6/2023,9:25:4,-12.1117095947,-76.9421768188,317.00,1.46
6/6/2023,9:25:7,-12.1116504669,-76.9421997070,316.60,1.46
6/6/2023,9:25:10,-12.1115903854,-76.9422225952,316.60,6.82
6/6/2023,9:25:13,-12.1115398406,-76.9422531127,316.40,6.82
6/6/2023,9:25:16,-12.1114702224,-76.9422683715,316.20,6.82
6/6/2023,9:25:19,-12.1114101409,-76.9422836303,315.30,6.82
6/6/2023,9:25:22,-12.1113700866,-76.9422988891,314.00,6.82
6/6/2023,9:25:25,-12.1113195419,-76.9423294067,313.40,6.82
6/6/2023,9:25:28,-12.1112604141,-76.9423675537,313.10,6.82
6/6/2023,9:25:31,-12.1112098693,-76.9423980712,312.00,6.82
6/6/2023,9:25:34,-12.1111497879,-76.9424285888,312.10,6.82
6/6/2023,9:25:37,-12.1110897064,-76.9424514770,311.70,6.82
6/6/2023,9:25:40,-12.1110401153,-76.9424819946,310.40,6.82
6/6/2023,9:25:43,-12.1109895706,-76.9424972534,309.60,6.82
6/6/2023,9:25:46,-12.1109304428,-76.9425201416,309.20,6.82
6/6/2023,9:25:49,-12.1108798980,-76.9425430297,307.70,6.82
6/6/2023,9:25:52,-12.1108303070,-76.9425735473,306.80,6.82
6/6/2023,9:25:55,-12.1107797622,-76.9425964355,306.40,6.82
6/6/2023,9:25:58,-12.1107301712,-76.9426193237,306.00,6.82
6/6/2023,9:26:1,-12.1106796264,-76.9426422119,305.30,6.82
6/6/2023,9:26:4,-12.1106300354,-76.9426727294,305.20,6.82
6/6/2023,9:26:7,-12.1105699539,-76.9426879882,304.80,6.82
6/6/2023,9:26:10,-12.1105298995,-76.9427108764,303.80,6.82
6/6/2023,9:26:13,-12.1104698181,-76.9427413940,304.00,6.82
6/6/2023,9:26:16,-12.1104202270,-76.9427719116,303.90,6.82
6/6/2023,9:26:19,-12.1103696823,-76.9427871704,303.50,6.82
6/6/2023,9:26:22,-12.1103200912,-76.9428100585,302.20,6.82
6/6/2023,9:26:25,-12.1102600097,-76.9428405761,301.80,6.82
6/6/2023,9:26:28,-12.1101903915,-76.9428710937,302.20,6.82
6/6/2023,9:26:31,-12.1101303100,-76.9428787231,302.30,6.82
6/6/2023,9:26:34,-12.1100597381,-76.9428787231,302.50,6.82
6/6/2023,9:26:37,-12.1099996566,-76.9429092407,302.20,6.82
6/6/2023,9:26:40,-12.1099700927,-76.9429473876,301.20,6.82
6/6/2023,9:26:43,-12.1099300384,-76.9429931640,300.90,6.82
6/6/2023,9:26:46,-12.1098699569,-76.9430313110,300.30,6.82
6/6/2023,9:26:49,-12.1098203659,-76.9430694580,299.30,6.82
6/6/2023,9:26:52,-12.1097602844,-76.9430999755,298.90,6.82
6/6/2023,9:26:55,-12.1097002029,-76.9431228637,298.50,6.82
6/6/2023,9:26:58,-12.1096496582,-76.9431381225,297.70,6.82
6/6/2023,9:27:1,-12.1096096038,-76.9431686401,297.30,6.82
6/6/2023,9:27:4,-12.1095600128,-76.9431915283,297.40,6.82
6/6/2023,9:27:7,-12.1095199584,-76.9432220458,296.80,6.82
6/6/2023,9:27:10,-12.1094598770,-76.9432601928,296.60,6.82
6/6/2023,9:27:13,-12.1094102859,-76.9432830810,296.50,6.82
6/6/2023,9:27:16,-12.1093597412,-76.9432983398,296.20,6.82
6/6/2023,9:27:19,-12.1092996597,-76.9433364868,296.10,6.82
6/6/2023,9:27:22,-12.1092500686,-76.9433822631,295.60,6.82
6/6/2023,9:27:25,-12.1091995239,-76.9434127807,295.70,6.82
6/6/2023,9:27:28,-12.1091403961,-76.9434432983,295.20,6.82
6/6/2023,9:27:31,-12.1090898513,-76.9434814453,295.40,6.82
6/6/2023,9:27:34,-12.1090402603,-76.9435119628,294.90,6.82
6/6/2023,9:27:37,-12.1089897155,-76.9435501098,294.90,6.82
6/6/2023,9:27:40,-12.1089296340,-76.9436035156,293.40,6.82
6/6/2023,9:27:43,-12.1088800430,-76.9436416625,292.80,6.82
6/6/2023,9:27:46,-12.1088304519,-76.9436721801,292.90,6.82
6/6/2023,9:27:49,-12.1087903976,-76.9437103271,291.40,6.82
6/6/2023,9:27:52,-12.1087503433,-76.9437637329,290.20,6.82
6/6/2023,9:27:55,-12.1087102890,-76.9438095092,288.30,6.82
6/6/2023,9:27:58,-12.1086597442,-76.9438476562,287.40,6.82
6/6/2023,9:28:1,-12.1086301803,-76.9438934326,286.70,6.82
6/6/2023,9:28:4,-12.1085796356,-76.9439315795,286.80,6.82
6/6/2023,9:28:7,-12.1085395812,-76.9439620971,286.90,6.82
6/6/2023,9:28:10,-12.1085100173,-76.9440002441,286.20,6.82
6/6/2023,9:28:13,-12.1084604263,-76.9440307617,286.70,6.82
6/6/2023,9:28:16,-12.1084299087,-76.9440612792,287.30,6.82
6/6/2023,9:28:19,-12.1083898544,-76.9441070556,287.40,6.82
6/6/2023,9:28:22,-12.1083402633,-76.9441528320,288.60,6.82
6/6/2023,9:28:25,-12.1083002090,-76.9441986083,287.10,6.82
6/6/2023,9:28:28,-12.1082401275,-76.9442367553,286.40,6.82
6/6/2023,9:28:31,-12.1082000732,-76.9442977905,285.30,6.82
/6/2023,9:28:34,-12.1081600189,-76.9443511962,285.20,6.82
6/6/2023,9:28:37,-12.1081199645,-76.9443893432,285.90,6.82
6/6/2023,9:28:40,-12.1080799102,-76.9444427490,287.60,6.82
6/6/2023,9:28:43,-12.1080503463,-76.9444885253,288.10,6.82
6/6/2023,9:28:46,-12.1080102920,-76.9445419311,287.20,6.82
6/6/2023,9:28:49,-12.1079702377,-76.9445800781,286.90,6.82
6/6/2023,9:28:52,-12.1079397201,-76.9446411132,285.70,6.82
6/6/2023,9:28:55,-12.1079101562,-76.9447097778,284.80,6.82
6/6/2023,9:28:58,-12.1078796386,-76.9447784423,284.30,6.82
6/6/2023,9:29:1,-12.1078395843,-76.9448318481,283.40,6.82
6/6/2023,9:29:4,-12.1078100204,-76.9448699951,282.80,6.82
6/6/2023,9:29:7,-12.1077804565,-76.9449234008,282.90,6.82
6/6/2023,9:29:10,-12.1077404022,-76.9449615478,284.60,6.82
6/6/2023,9:29:13,-12.1077203750,-76.9449996948,283.30,6.82
6/6/2023,9:29:16,-12.1076898574,-76.9450607299,283.60,6.82
6/6/2023,9:29:19,-12.1076498031,-76.9451217651,284.10,6.82
6/6/2023,9:29:22,-12.1076097488,-76.9451828002,284.50,6.82
6/6/2023,9:29:25,-12.1075696945,-76.9452362060,283.50,6.82
6/6/2023,9:29:28,-12.1075401306,-76.9452896118,283.60,6.82
6/6/2023,9:29:31,-12.1075096130,-76.9453430175,284.10,6.82
6/6/2023,9:29:34,-12.1074800491,-76.9453811645,285.10,6.82
6/6/2023,9:29:37,-12.1074600219,-76.9454193115,282.90,6.82
6/6/2023,9:29:40,-12.1074304580,-76.9454727172,282.30,6.82
6/6/2023,9:29:43,-12.1073799133,-76.9455108642,281.40,6.82
6/6/2023,9:29:46,-12.1073398590,-76.9455795288,280.00,6.82
6/6/2023,9:29:49,-12.1073102951,-76.9456481933,279.90,6.82
6/6/2023,9:29:52,-12.1072797775,-76.9457092285,279.60,6.82
6/6/2023,9:29:55,-12.1072502136,-76.9457626342,278.60,6.82
6/6/2023,9:29:58,-12.1072101593,-76.9458236694,278.70,6.82
6/6/2023,9:30:1,-12.1071796417,-76.9458770751,277.00,6.82
6/6/2023,9:30:4,-12.1071500778,-76.9459304809,275.80,6.82
6/6/2023,9:30:7,-12.1071300506,-76.9459762573,275.90,6.82
6/6/2023,9:30:10,-12.1070699691,-76.9460067749,276.20,6.82
6/6/2023,9:30:13,-12.1070203781,-76.9460525512,275.60,6.82
6/6/2023,9:30:16,-12.1069898605,-76.9460678100,275.50,6.82
6/6/2023,9:30:19,-12.1069602966,-76.9461135864,275.10,6.82
6/6/2023,9:30:22,-12.1069097518,-76.9461593627,274.60,6.82
6/6/2023,9:30:25,-12.1068601608,-76.9462127685,273.70,6.82
6/6/2023,9:30:28,-12.1068096160,-76.9462585449,273.10,6.82
6/6/2023,9:30:31,-12.1067600250,-76.9462966918,273.70,6.82
6/6/2023,9:30:34,-12.1067104339,-76.9463272094,271.90,6.82
6/6/2023,9:30:37,-12.1066703796,-76.9463729858,271.70,6.82
6/6/2023,9:30:40,-12.1066303253,-76.9464187622,272.50,6.82
6/6/2023,9:30:43,-12.1065797805,-76.9464721679,271.60,6.82
6/6/2023,9:30:46,-12.1065301895,-76.9465103149,271.90,6.82
6/6/2023,9:30:49,-12.1064796447,-76.9465484619,269.90,6.82
6/6/2023,9:30:52,-12.1064395904,-76.9466018676,267.40,6.82
6/6/2023,9:30:55,-12.1063804626,-76.9466400146,265.90,6.82
6/6/2023,9:30:58,-12.1063203811,-76.9466705322,264.00,6.82
6/6/2023,9:31:1,-12.1062803268,-76.9467010498,263.20,6.82
6/6/2023,9:31:4,-12.1062297821,-76.9467315673,262.40,6.82
6/6/2023,9:31:7,-12.1061697006,-76.9467697143,263.00,6.82
6/6/2023,9:31:10,-12.1061201095,-76.9468078613,261.70,6.82
6/6/2023,9:31:13,-12.1060695648,-76.9468383789,260.60,6.82
6/6/2023,9:31:16,-12.1060104370,-76.9468612670,261.00,6.82
6/6/2023,9:31:19,-12.1059598922,-76.9468917846,260.80,6.82
6/6/2023,9:31:22,-12.1059103012,-76.9469223022,259.50,6.82
6/6/2023,9:31:25,-12.1058597564,-76.9469375610,259.10,6.82
6/6/2023,9:31:28,-12.1057996749,-76.9469833374,259.00,6.82
6/6/2023,9:31:31,-12.1057500839,-76.9470062255,258.90,6.82
6/6/2023,9:31:34,-12.1056995391,-76.9470367431,258.70,6.82
6/6/2023,9:31:37,-12.1056404113,-76.9470672607,258.20,6.82
6/6/2023,9:31:40,-12.1055898666,-76.9471130371,258.90,6.82
6/6/2023,9:31:43,-12.1055402755,-76.9471435546,258.70,6.82
/6/2023,9:31:46,-12.1054897308,-76.9471588134,258.60,6.82
6/6/2023,9:31:49,-12.1054401397,-76.9471817016,257.90,6.82
6/6/2023,9:31:52,-12.1053800582,-76.9472122192,257.30,6.82
6/6/2023,9:31:55,-12.1053304672,-76.9472427368,256.90,6.82
6/6/2023,9:31:58,-12.1052799224,-76.9472579956,255.50,6.82
6/6/2023,9:32:1,-12.1052303314,-76.9472885131,255.40,6.82
6/6/2023,9:32:4,-12.1051797866,-76.9473266601,254.50,6.82
6/6/2023,9:32:7,-12.1051397323,-76.9473571777,254.50,6.82
6/6/2023,9:32:10,-12.1050901412,-76.9473800659,253.40,6.82
6/6/2023,9:32:13,-12.1050195693,-76.9474182128,254.10,6.82
6/6/2023,9:32:16,-12.1049604415,-76.9474487304,254.70,6.82
6/6/2023,9:32:19,-12.1049003601,-76.9474868774,254.90,6.82
6/6/2023,9:32:22,-12.1048603057,-76.9475097656,254.40,6.82
6/6/2023,9:32:25,-12.1048097610,-76.9475326538,254.80,6.82
6/6/2023,9:32:28,-12.1047601699,-76.9475708007,254.50,6.82
6/6/2023,9:32:31,-12.1047000885,-76.9476013183,253.90,6.82
6/6/2023,9:32:34,-12.1046400070,-76.9476318359,254.10,6.82
6/6/2023,9:32:37,-12.1045999526,-76.9476623535,252.90,6.82
6/6/2023,9:32:40,-12.1045503616,-76.9476928710,251.30,6.82
6/6/2023,9:32:43,-12.1045103073,-76.9477233886,251.10,6.82
6/6/2023,9:32:46,-12.1044397354,-76.9477462768,252.60,6.82
6/6/2023,9:32:49,-12.1043701171,-76.9477920532,254.50,6.82
6/6/2023,9:32:52,-12.1043195724,-76.9478225708,254.40,6.82
6/6/2023,9:32:55,-12.1042604446,-76.9478378295,255.00,6.82
6/6/2023,9:32:58,-12.1042098999,-76.9478836059,255.20,6.82
6/6/2023,9:33:1,-12.1041698455,-76.9479064941,255.40,6.82
6/6/2023,9:33:4,-12.1041803359,-76.9479598999,254.20,6.82
6/6/2023,9:33:7,-12.1041898727,-76.9480209350,255.30,6.82
6/6/2023,9:33:10,-12.1041603088,-76.9480667114,254.20,6.82
6/6/2023,9:33:13,-12.1041097640,-76.9480895996,252.30,6.82
6/6/2023,9:33:16,-12.1040697097,-76.9481201171,250.30,6.82
6/6/2023,9:33:19,-12.1040401458,-76.9481735229,249.60,6.82
6/6/2023,9:33:22,-12.1040096282,-76.9482192993,248.80,6.82
6/6/2023,9:33:25,-12.1039600372,-76.9482421875,248.40,6.82
6/6/2023,9:33:28,-12.1039104461,-76.9482421875,247.50,6.82
6/6/2023,9:33:31,-12.1038599014,-76.9481887817,247.60,6.82
6/6/2023,9:33:37,-12.1037397384,-76.9481582641,250.30,6.82
6/6/2023,9:33:40,-12.1036901473,-76.9481964111,250.20,6.82
6/6/2023,9:33:43,-12.1036596298,-76.9482498168,251.20,6.82
6/6/2023,9:33:46,-12.1036100387,-76.9482803344,252.30,6.82
6/6/2023,9:33:49,-12.1035604476,-76.9483184814,254.00,6.82
6/6/2023,9:33:52,-12.1035003662,-76.9483718872,254.10,6.82
6/6/2023,9:33:55,-12.1034603118,-76.9484024047,254.00,6.82
6/6/2023,9:33:58,-12.1034097671,-76.9484405517,253.90,6.82
6/6/2023,9:34:1,-12.1033496856,-76.9484863281,254.30,6.82
6/6/2023,9:34:4,-12.1032896041,-76.9485321044,253.30,6.82
6/6/2023,9:34:7,-12.1032400131,-76.9485778808,253.50,6.82
6/6/2023,9:34:10,-12.1031999588,-76.9486083984,252.90,6.82
6/6/2023,9:34:13,-12.1031503677,-76.9486236572,252.10,6.82
6/6/2023,9:34:16,-12.1030902862,-76.9486389160,252.40,6.82
6/6/2023,9:34:19,-12.1030502319,-76.9486770629,251.70,6.82
6/6/2023,9:34:22,-12.1030397415,-76.9487228393,250.40,6.82
6/6/2023,9:34:25,-12.1029901504,-76.9487609863,251.00,6.82
6/6/2023,9:34:28,-12.1029596328,-76.9487915039,250.10,6.82
6/6/2023,9:34:31,-12.1029100418,-76.9488296508,251.50,6.82
6/6/2023,9:34:34,-12.1028795242,-76.9488677978,252.10,6.82
6/6/2023,9:34:37,-12.1028299331,-76.9488983154,252.40,6.82
6/6/2023,9:34:40,-12.1027698516,-76.9489212036,250.90,6.82
6/6/2023,9:34:43,-12.1027202606,-76.9489593505,249.30,6.82
6/6/2023,9:34:46,-12.1026802062,-76.9489974975,249.80,6.82
6/6/2023,9:34:49,-12.1026601791,-76.9490585327,250.90,6.82
6/6/2023,9:34:52,-12.1026201248,-76.9490890502,250.40,6.82
6/6/2023,9:34:55,-12.1025695800,-76.9491119384,249.90,6.82
6/6/2023,9:34:58,-12.1025104522,-76.9491195678,249.90,6.82
6/6/2023,9:35:1,-12.1024599075,-76.9491500854,249.10,6.82
6/6/2023,9:35:4,-12.1024103164,-76.9491729736,248.70,6.82
6/6/2023,9:35:7,-12.1023502349,-76.9491882324,249.60,6.82
6/6/2023,9:35:10,-12.1022996902,-76.9492111206,249.00,6.82
6/6/2023,9:35:13,-12.1022500991,-76.9492263793,248.40,6.82
6/6/2023,9:35:16,-12.1021900177,-76.9492416381,248.40,6.82
6/6/2023,9:35:19,-12.1021299362,-76.9492568969,248.10,6.82
6/6/2023,9:35:22,-12.1020698547,-76.9492874145,247.60,6.82
6/6/2023,9:35:25,-12.1020097732,-76.9493103027,247.20,6.82
6/6/2023,9:35:28,-12.1019401550,-76.9493331909,247.60,6.82
6/6/2023,9:35:31,-12.1018896102,-76.9493484497,248.10,6.82
6/6/2023,9:35:34,-12.1018400192,-76.9493637084,248.30,6.82
6/6/2023,9:35:37,-12.1017904281,-76.9493637084,246.70,6.82
6/6/2023,9:35:40,-12.1017303466,-76.9493713378,247.30,6.82
6/6/2023,9:35:43,-12.1016702651,-76.9493789672,247.50,6.82
6/6/2023,9:35:46,-12.1016101837,-76.9494018554,248.70,6.82
6/6/2023,9:35:49,-12.1015396118,-76.9494323730,249.20,6.82
6/6/2023,9:35:52,-12.1014795303,-76.9494476318,249.50,6.82
6/6/2023,9:35:55,-12.1014204025,-76.9494705200,250.30,6.82
6/6/2023,9:35:58,-12.1013698577,-76.9495010375,249.80,6.82
6/6/2023,9:36:1,-12.1013202667,-76.9495162963,250.80,6.82
6/6/2023,9:36:4,-12.1012697219,-76.9495468139,251.20,6.82
6/6/2023,9:36:7,-12.1012201309,-76.9495697021,250.60,6.82
6/6/2023,9:36:10,-12.1011600494,-76.9496002197,250.00,6.82
6/6/2023,9:36:13,-12.1010999679,-76.9496307373,250.60,6.82
6/6/2023,9:36:16,-12.1010503768,-76.9496383666,251.60,6.82
6/6/2023,9:36:19,-12.1010103225,-76.9496536254,252.40,6.82
6/6/2023,9:36:22,-12.1009702682,-76.9496612548,253.30,6.82
6/6/2023,9:36:25,-12.1008996963,-76.9496917724,254.00,6.82
6/6/2023,9:36:28,-12.1008396148,-76.9497070312,254.10,6.82
6/6/2023,9:36:31,-12.1007900238,-76.9497299194,252.90,6.82
6/6/2023,9:36:34,-12.1007299423,-76.9497680664,250.90,6.82
6/6/2023,9:36:37,-12.1006698608,-76.9498062133,250.00,6.82
6/6/2023,9:36:40,-12.1006202697,-76.9498291015,250.70,6.82
6/6/2023,9:36:43,-12.1005697250,-76.9498672485,250.70,6.82
6/6/2023,9:36:46,-12.1005201339,-76.9498901367,251.10,6.82
6/6/2023,9:36:49,-12.1004600524,-76.9499206542,251.20,6.82
6/6/2023,9:36:52,-12.1004104614,-76.9499511718,250.60,6.82
6/6/2023,9:36:55,-12.1003704071,-76.9499664306,250.20,6.82
6/6/2023,9:36:58,-12.1003103256,-76.9499969482,249.30,6.82
6/6/2023,9:37:1,-12.1002597808,-76.9500198364,250.90,6.82
6/6/2023,9:37:4,-12.1002101898,-76.9500427246,252.40,6.82
6/6/2023,9:37:7,-12.1001596450,-76.9500732421,251.70,6.82
6/6/2023,9:37:10,-12.1001100540,-76.9500808715,253.20,6.82
6/6/2023,9:37:13,-12.1000499725,-76.9501037597,252.90,6.82
6/6/2023,9:37:16,-12.0999898910,-76.9501266479,252.90,6.82
6/6/2023,9:37:19,-12.0999202728,-76.9501495361,253.90,6.82
6/6/2023,9:37:22,-12.0998601913,-76.9501724243,253.70,6.82
6/6/2023,9:37:25,-12.0998096466,-76.9501876831,253.80,6.82
6/6/2023,9:37:28,-12.0997600555,-76.9502182006,254.30,6.82
6/6/2023,9:37:31,-12.0997104644,-76.9502410888,254.30,6.89
6/6/2023,9:37:34,-12.0996503829,-76.9502868652,253.70,6.89
6/6/2023,9:37:37,-12.0995998382,-76.9503173828,253.10,6.89
6/6/2023,9:37:40,-12.0995502471,-76.9503402709,252.50,6.89
6/6/2023,9:37:43,-12.0994997024,-76.9503707885,251.70,6.89
6/6/2023,9:37:46,-12.0994501113,-76.9504013061,250.50,6.89
6/6/2023,9:37:49,-12.0993900299,-76.9504318237,250.10,6.89
6/6/2023,9:37:52,-12.0993404388,-76.9504623413,250.10,6.89
6/6/2023,9:37:55,-12.0992698669,-76.9504776000,250.40,6.89
6/6/2023,9:37:58,-12.0992097854,-76.9505004882,250.30,6.89
6/6/2023,9:38:1,-12.0991601943,-76.9505310058,249.50,6.89
6/6/2023,9:38:4,-12.0991096496,-76.9505615234,249.20,6.89
6/6/2023,9:38:7,-12.0990600585,-76.9505767822,248.40,6.89
6/6/2023,9:38:10,-12.0990104675,-76.9505996704,248.30,6.89
6/6/2023,9:38:13,-12.0989599227,-76.9506225585,246.40,6.89
6/6/2023,9:38:16,-12.0988903045,-76.9506225585,246.90,6.89
6/6/2023,9:38:19,-12.0988397598,-76.9506301879,247.60,6.89
6/6/2023,9:38:22,-12.0987901687,-76.9506607055,248.10,6.89
6/6/2023,9:38:25,-12.0987396240,-76.9506835937,248.90,6.89
6/6/2023,9:38:28,-12.0986995697,-76.9506988525,248.60,6.89
6/6/2023,9:38:31,-12.0986404418,-76.9507293701,249.40,6.89
6/6/2023,9:38:34,-12.0985898971,-76.9507522583,250.10,6.89
6/6/2023,9:38:37,-12.0985298156,-76.9507598876,251.20,6.89
6/6/2023,9:38:40,-12.0984802246,-76.9507827758,251.40,6.89
6/6/2023,9:38:43,-12.0984201431,-76.9508132934,251.30,6.89
6/6/2023,9:38:46,-12.0983695983,-76.9508438110,251.80,6.89
6/6/2023,9:38:49,-12.0983104705,-76.9508590698,251.70,6.89
6/6/2023,9:38:52,-12.0982599258,-76.9508895874,251.10,6.89
6/6/2023,9:38:55,-12.0982103347,-76.9509277343,250.00,6.89
6/6/2023,9:38:58,-12.0981702804,-76.9509582519,249.10,6.89
6/6/2023,9:39:1,-12.0981302261,-76.9509887695,248.60,6.89
6/6/2023,9:39:4,-12.0980596542,-76.9510116577,249.20,6.89
6/6/2023,9:39:7,-12.0980100631,-76.9510192871,248.70,6.89
6/6/2023,9:39:10,-12.0979604721,-76.9510726928,248.10,6.89
6/6/2023,9:39:13,-12.0979099273,-76.9511032104,248.50,6.89
6/6/2023,9:39:16,-12.0978498458,-76.9511184692,249.30,6.89
6/6/2023,9:39:19,-12.0977897644,-76.9511413574,249.40,6.89
6/6/2023,9:39:22,-12.0977401733,-76.9511566162,248.80,6.89
6/6/2023,9:39:25,-12.0977001190,-76.9511871337,248.30,6.89
6/6/2023,9:39:28,-12.0976495742,-76.9512100219,247.90,6.89
6/6/2023,9:39:31,-12.0975999832,-76.9512329101,248.10,6.89
6/6/2023,9:39:34,-12.0975503921,-76.9512634277,248.40,6.89
6/6/2023,9:39:37,-12.0974903106,-76.9512786865,248.60,6.89
6/6/2023,9:39:40,-12.0974397659,-76.9513015747,248.90,6.89
6/6/2023,9:39:43,-12.0973901748,-76.9513168334,248.30,6.89
6/6/2023,9:39:46,-12.0973396301,-76.9513473510,247.80,6.89
6/6/2023,9:39:49,-12.0972900390,-76.9513778686,247.70,6.89
6/6/2023,9:39:52,-12.0972404479,-76.9514007568,247.30,6.89
6/6/2023,9:39:55,-12.0971803665,-76.9514312744,247.80,6.89
6/6/2023,9:39:58,-12.0971298217,-76.9514617919,248.00,6.89
6/6/2023,9:40:1,-12.0970697402,-76.9514923095,248.60,6.89
6/6/2023,9:40:4,-12.0970096588,-76.9515228271,248.70,6.89
6/6/2023,9:40:7,-12.0969600677,-76.9515380859,249.00,6.89
6/6/2023,9:40:10,-12.0968999862,-76.9515609741,249.30,6.89
6/6/2023,9:40:13,-12.0968599319,-76.9515914916,248.60,6.89
6/6/2023,9:40:16,-12.0968103408,-76.9515991210,249.70,6.89
6/6/2023,9:40:19,-12.0967502593,-76.9516296386,249.20,6.89
6/6/2023,9:40:22,-12.0966997146,-76.9516601562,247.60,6.89
6/6/2023,9:40:25,-12.0966501235,-76.9516677856,246.30,6.89
6/6/2023,9:40:28,-12.0965995788,-76.9516906738,245.40,6.89
6/6/2023,9:40:31,-12.0965404510,-76.9517135620,245.60,6.89
6/6/2023,9:40:34,-12.0964803695,-76.9517364501,246.10,6.89
6/6/2023,9:40:37,-12.0964202880,-76.9517669677,245.30,6.89
6/6/2023,9:40:40,-12.0963602066,-76.9518127441,245.40,6.89
6/6/2023,9:40:43,-12.0963096618,-76.9518280029,245.30,6.89
6/6/2023,9:40:46,-12.0962495803,-76.9518585205,245.20,6.89
6/6/2023,9:40:49,-12.0961904525,-76.9518814086,245.60,6.89
6/6/2023,9:40:52,-12.0961503982,-76.9518966674,245.20,6.89
6/6/2023,9:40:55,-12.0960998535,-76.9519195556,244.80,6.89
6/6/2023,9:40:58,-12.0960502624,-76.9519500732,245.00,6.89
6/6/2023,9:41:1,-12.0959901809,-76.9519805908,245.50,6.89
6/6/2023,9:41:4,-12.0959396362,-76.9520111083,245.10,6.89
6/6/2023,9:41:7,-12.0958795547,-76.9520416259,244.80,6.89
6/6/2023,9:41:10,-12.0958299636,-76.9520568847,243.90,6.89
6/6/2023,9:41:13,-12.0957698822,-76.9520874023,244.40,6.89
6/6/2023,9:41:16,-12.0957202911,-76.9521179199,244.40,6.89
6/6/2023,9:41:19,-12.0956602096,-76.9521408081,245.60,6.89
6/6/2023,9:41:22,-12.0956001281,-76.9521484375,246.40,6.89
6/6/2023,9:41:25,-12.0955400466,-76.9521713256,246.60,6.89
6/6/2023,9:41:28,-12.0954799652,-76.9521713256,247.80,6.89
6/6/2023,9:41:31,-12.0954103469,-76.9521789550,248.80,6.89
6/6/2023,9:41:34,-12.0953502655,-76.9522094726,248.70,6.89
6/6/2023,9:41:37,-12.0952901840,-76.9522399902,248.80,6.89
6/6/2023,9:41:40,-12.0952301025,-76.9522933959,249.40,6.89
6/6/2023,9:41:43,-12.0951795578,-76.9523315429,248.30,6.89
6/6/2023,9:41:46,-12.0951099395,-76.9523620605,248.20,6.89
6/6/2023,9:41:49,-12.0950498580,-76.9523925781,247.70,6.89
6/6/2023,9:41:52,-12.0950002670,-76.9524078369,247.30,6.89
6/6/2023,9:41:55,-12.0949602127,-76.9524383544,247.20,6.89
6/6/2023,9:41:58,-12.0949001312,-76.9524612426,248.70,6.89
6/6/2023,9:42:1,-12.0948600769,-76.9524612426,249.30,6.89
6/6/2023,9:42:4,-12.0948095321,-76.9524688720,248.00,6.89
6/6/2023,9:42:7,-12.0947599411,-76.9524917602,246.90,6.89
6/6/2023,9:42:10,-12.0947103500,-76.9525222778,246.90,6.89
6/6/2023,9:42:13,-12.0946598052,-76.9525604248,246.50,6.89
6/6/2023,9:42:16,-12.0945997238,-76.9525833129,246.60,6.89
6/6/2023,9:42:19,-12.0945396423,-76.9526062011,246.90,6.89
6/6/2023,9:42:22,-12.0944795608,-76.9526290893,247.60,6.89
6/6/2023,9:42:25,-12.0944204330,-76.9526596069,247.10,6.89
6/6/2023,9:42:28,-12.0943603515,-76.9526519775,248.30,6.89
6/6/2023,9:42:31,-12.0943002700,-76.9526519775,249.00,6.89
6/6/2023,9:42:34,-12.0942296981,-76.9526672363,250.60,6.89
6/6/2023,9:42:37,-12.0941696166,-76.9526672363,252.80,6.89
6/6/2023,9:42:40,-12.0941095352,-76.9526901245,253.00,6.89
6/6/2023,9:42:43,-12.0940399169,-76.9526977539,253.80,6.89
6/6/2023,9:42:46,-12.0939598083,-76.9527206420,255.00,6.89
6/6/2023,9:42:49,-12.0938901901,-76.9527282714,255.40,6.89
6/6/2023,9:42:52,-12.0938301086,-76.9527206420,255.60,6.89
6/6/2023,9:42:55,-12.0937700271,-76.9527206420,255.80,6.89
6/6/2023,9:42:58,-12.0937004089,-76.9527206420,255.20,6.89
6/6/2023,9:43:1,-12.0936403274,-76.9527130126,254.30,6.89
6/6/2023,9:43:4,-12.0935802459,-76.9527130126,253.30,6.89
6/6/2023,9:43:7,-12.0935201644,-76.9527130126,251.20,6.89
6/6/2023,9:43:10,-12.0934600830,-76.9527130126,249.80,6.89
6/6/2023,9:43:13,-12.0934095382,-76.9526901245,250.10,6.89
6/6/2023,9:43:16,-12.0933399200,-76.9526672363,253.20,6.89
6/6/2023,9:43:19,-12.0932798385,-76.9526672363,252.60,6.89
6/6/2023,9:43:22,-12.0932302474,-76.9526596069,251.80,6.89
6/6/2023,9:43:25,-12.0931797027,-76.9526596069,251.00,6.89
6/6/2023,9:43:28,-12.0931100845,-76.9526596069,250.70,6.89
6/6/2023,9:43:31,-12.0930500030,-76.9526596069,250.50,6.89
6/6/2023,9:43:34,-12.0929803848,-76.9526596069,251.40,6.89
6/6/2023,9:43:37,-12.0929203033,-76.9526596069,252.00,6.89
6/6/2023,9:43:40,-12.0928602218,-76.9526672363,252.00,6.89
6/6/2023,9:43:43,-12.0928201675,-76.9526901245,251.00,6.89
6/6/2023,9:43:46,-12.0927696228,-76.9526977539,250.70,6.89
6/6/2023,9:43:49,-12.0927200317,-76.9526977539,251.30,6.89
6/6/2023,9:43:52,-12.0926599502,-76.9526977539,252.10,6.89
6/6/2023,9:43:55,-12.0925998687,-76.9527130126,250.70,6.89
6/6/2023,9:43:58,-12.0925502777,-76.9527282714,250.00,6.89
6/6/2023,9:44:1,-12.0924901962,-76.9527587890,250.00,6.89
6/6/2023,9:44:4,-12.0924396514,-76.9527816772,250.30,6.89
6/6/2023,9:44:7,-12.0923795700,-76.9527893066,251.50,6.89
6/6/2023,9:44:10,-12.0923299789,-76.9527816772,253.10,6.89
6/6/2023,9:44:13,-12.0922603607,-76.9527511596,254.50,6.89
6/6/2023,9:44:16,-12.0922002792,-76.9527511596,255.90,6.89
6/6/2023,9:44:19,-12.0921497344,-76.9527587890,255.70,6.89
6/6/2023,9:44:22,-12.0921001434,-76.9527664184,254.60,6.89
6/6/2023,9:44:25,-12.0920600891,-76.9527816772,253.50,6.89
6/6/2023,9:44:28,-12.0920000076,-76.9527969360,253.40,6.89
6/6/2023,9:44:31,-12.0919599533,-76.9528274536,251.30,6.89
6/6/2023,9:44:34,-12.0919103622,-76.9528503417,251.70,6.89
6/6/2023,9:44:37,-12.0918598175,-76.9528579711,252.60,6.89
6/6/2023,9:44:40,-12.0918102264,-76.9528503417,252.90,6.89
6/6/2023,9:44:43,-12.0917701721,-76.9528427124,252.20,6.89
6/6/2023,9:44:46,-12.0917196273,-76.9528808593,252.50,6.89
6/6/2023,9:44:49,-12.0916795730,-76.9529266357,252.30,6.89
6/6/2023,9:44:52,-12.0916299819,-76.9529724121,251.20,6.89
6/6/2023,9:44:55,-12.0915803909,-76.9530181884,249.00,6.89
6/6/2023,9:44:58,-12.0915298461,-76.9530487060,248.20,6.89
6/6/2023,9:45:1,-12.0915002822,-76.9530868530,247.60,6.89
6/6/2023,9:45:4,-12.0915002822,-76.9531402587,246.70,6.89
6/6/2023,9:45:7,-12.0914697647,-76.9531936645,247.50,6.89
6/6/2023,9:45:10,-12.0914201736,-76.9532165527,247.40,6.89
6/6/2023,9:45:13,-12.0913600921,-76.9532623291,246.20,6.89
6/6/2023,9:45:16,-12.0913095474,-76.9532775878,246.40,6.89
6/6/2023,9:45:19,-12.0912599563,-76.9533081054,247.10,6.89
6/6/2023,9:45:22,-12.0912199020,-76.9533386230,247.00,6.89
6/6/2023,9:45:25,-12.0911798477,-76.9533691406,246.60,6.89
6/6/2023,9:45:28,-12.0911302566,-76.9533996582,246.20,6.89
6/6/2023,9:45:31,-12.0910701751,-76.9534225463,247.20,6.89
6/6/2023,9:45:34,-12.0910196304,-76.9534530639,247.10,6.89
6/6/2023,9:45:37,-12.0909595489,-76.9534683227,247.10,6.89
6/6/2023,9:45:40,-12.0909099578,-76.9534988403,247.90,6.89
6/6/2023,9:45:43,-12.0908603668,-76.9535293579,247.20,6.89
6/6/2023,9:45:46,-12.0908002853,-76.9535598754,248.20,6.89
6/6/2023,9:45:49,-12.0907402038,-76.9535827636,248.90,6.89
6/6/2023,9:45:52,-12.0906801223,-76.9535980224,249.40,6.89
6/6/2023,9:45:55,-12.0906400680,-76.9536209106,248.80,6.89
6/6/2023,9:45:58,-12.0905895233,-76.9536285400,249.50,6.89
6/6/2023,9:46:1,-12.0905303955,-76.9536590576,250.00,6.89
6/6/2023,9:46:4,-12.0904798507,-76.9536666870,252.40,6.89
6/6/2023,9:46:7,-12.0904302597,-76.9537124633,251.70,6.89
6/6/2023,9:46:10,-12.0903902053,-76.9537506103,249.20,6.89
6/6/2023,9:46:13,-12.0903501510,-76.9537506103,248.90,6.89
6/6/2023,9:46:16,-12.0902996063,-76.9537811279,247.90,6.89
6/6/2023,9:46:19,-12.0902395248,-76.9537963867,247.30,6.89
6/6/2023,9:46:22,-12.0901899337,-76.9538269042,248.20,6.89
6/6/2023,9:46:25,-12.0901403427,-76.9538497924,247.90,6.89
6/6/2023,9:46:28,-12.0900897979,-76.9538803100,248.80,6.89
6/6/2023,9:46:31,-12.0900402069,-76.9539108276,248.50,6.89
6/6/2023,9:46:34,-12.0899801254,-76.9539413452,248.90,6.89
6/6/2023,9:46:37,-12.0899400711,-76.9539718627,247.60,6.89
6/6/2023,9:46:40,-12.0898895263,-76.9539871215,246.90,6.89
6/6/2023,9:46:43,-12.0898399353,-76.9540100097,247.20,6.89
6/6/2023,9:46:46,-12.0897903442,-76.9540405273,247.30,6.89
6/6/2023,9:46:49,-12.0897197723,-76.9540481567,249.40,6.89
6/6/2023,9:46:52,-12.0896701812,-76.9540786743,250.20,6.89
6/6/2023,9:46:55,-12.0896100997,-76.9541015625,250.50,6.89
6/6/2023,9:46:58,-12.0895595550,-76.9541320800,249.80,6.89
6/6/2023,9:47:1,-12.0895099639,-76.9541702270,250.00,6.89
6/6/2023,9:47:4,-12.0894699096,-76.9542007446,248.00,6.89
6/6/2023,9:47:7,-12.0894298553,-76.9542236328,247.70,6.89
6/6/2023,9:47:10,-12.0893697738,-76.9542465209,248.80,6.89
6/6/2023,9:47:13,-12.0893201828,-76.9542770385,248.80,6.89
6/6/2023,9:47:16,-12.0892601013,-76.9542999267,250.50,6.89
6/6/2023,9:47:19,-12.0892000198,-76.9543075561,250.50,6.89
6/6/2023,9:47:22,-12.0891399383,-76.9543304443,250.90,6.89
6/6/2023,9:47:25,-12.0890798568,-76.9543533325,252.50,6.89
6/6/2023,9:47:28,-12.0890197753,-76.9543685913,253.80,6.89
6/6/2023,9:47:31,-12.0889596939,-76.9543991088,253.50,6.89
6/6/2023,9:47:34,-12.0889101028,-76.9544372558,252.40,6.89
6/6/2023,9:47:37,-12.0888595581,-76.9544830322,251.00,6.89
6/6/2023,9:47:40,-12.0888004302,-76.9545211791,251.10,6.89
6/6/2023,9:47:43,-12.0887498855,-76.9545593261,250.10,6.89
6/6/2023,9:47:46,-12.0887098312,-76.9545974731,249.60,6.89
6/6/2023,9:47:49,-12.0886602401,-76.9546279907,249.70,6.89
6/6/2023,9:47:52,-12.0886201858,-76.9546737670,249.10,6.89
6/6/2023,9:47:55,-12.0885801315,-76.9546966552,248.40,6.89
6/6/2023,9:47:58,-12.0885200500,-76.9547424316,249.00,6.89
6/6/2023,9:48:1,-12.0884895324,-76.9547805786,248.70,6.89
6/6/2023,9:48:4,-12.0884399414,-76.9548187255,250.10,6.89
6/6/2023,9:48:7,-12.0883998870,-76.9548416137,250.20,6.89
6/6/2023,9:48:10,-12.0883502960,-76.9548797607,249.60,6.89
6/6/2023,9:48:13,-12.0883197784,-76.9549331665,251.10,6.89
6/6/2023,9:48:16,-12.0882797241,-76.9549789428,250.60,6.89
6/6/2023,9:48:19,-12.0882301330,-76.9550094604,251.40,6.89
6/6/2023,9:48:22,-12.0881900787,-76.9550628662,251.40,6.89
6/6/2023,9:48:25,-12.0881595611,-76.9551010131,250.00,6.89
6/6/2023,9:48:28,-12.0881204605,-76.9551391601,249.20,6.89
6/6/2023,9:48:31,-12.0880804061,-76.9551773071,248.60,6.89
6/6/2023,9:48:34,-12.0880403518,-76.9552230834,249.30,6.89
6/6/2023,9:48:37,-12.0880002975,-76.9552612304,249.30,6.89
6/6/2023,9:48:40,-12.0879497528,-76.9552993774,249.50,6.89
6/6/2023,9:48:43,-12.0879201889,-76.9553527832,250.70,6.89
6/6/2023,9:48:46,-12.0878801345,-76.9554061889,250.70,7.54
6/6/2023,9:48:49,-12.0878400802,-76.9554519653,251.10,7.54
6/6/2023,9:48:52,-12.0878095626,-76.9554901123,249.60,7.54
6/6/2023,9:48:55,-12.0877704620,-76.9555206298,248.50,7.54
6/6/2023,9:48:58,-12.0877304077,-76.9555587768,250.20,7.54
6/6/2023,9:49:1,-12.0876703262,-76.9556121826,250.80,7.54
6/6/2023,9:49:4,-12.0876302719,-76.9556579589,251.40,7.54
6/6/2023,9:49:7,-12.0875797271,-76.9557113647,252.20,7.54
6/6/2023,9:49:10,-12.0875396728,-76.9557495117,251.80,7.54
6/6/2023,9:49:13,-12.0874996185,-76.9557876586,250.90,7.54
6/6/2023,9:49:16,-12.0874595642,-76.9558410644,248.90,7.54
6/6/2023,9:49:19,-12.0874204635,-76.9558792114,248.10,7.54
6/6/2023,9:49:22,-12.0873899459,-76.9559097290,250.20,7.54
6/6/2023,9:49:25,-12.0873498916,-76.9559402465,251.90,7.54
6/6/2023,9:49:28,-12.0873203277,-76.9559707641,254.30,7.54
6/6/2023,9:49:31,-12.0872697830,-76.9560012817,255.60,7.54
6/6/2023,9:49:34,-12.0872201919,-76.9560394287,255.90,7.54
6/6/2023,9:49:37,-12.0871696472,-76.9560699462,259.30,7.54
6/6/2023,9:49:40,-12.0871400833,-76.9561004638,259.90,7.54
6/6/2023,9:49:43,-12.0871200561,-76.9561462402,257.60,7.54
6/6/2023,9:49:46,-12.0870704650,-76.9562072753,254.60,7.54
6/6/2023,9:49:49,-12.0870304107,-76.9562683105,253.40,7.54
6/6/2023,9:49:52,-12.0869903564,-76.9563293457,251.70,7.54
6/6/2023,9:49:55,-12.0869398117,-76.9563903808,251.20,7.54
6/6/2023,9:49:58,-12.0868997573,-76.9564514160,249.60,7.54
6/6/2023,9:50:1,-12.0868501663,-76.9564971923,250.00,7.54
6/6/2023,9:50:4,-12.0868101119,-76.9565277099,252.20,7.54
6/6/2023,9:50:7,-12.0867595672,-76.9565811157,252.60,7.54
6/6/2023,9:50:10,-12.0867204666,-76.9566116333,254.20,7.54
6/6/2023,9:50:13,-12.0866699218,-76.9566497802,253.60,7.54
6/6/2023,9:50:16,-12.0866203308,-76.9567031860,252.80,7.54
6/6/2023,9:50:19,-12.0865697860,-76.9567489624,250.70,7.54
6/6/2023,9:50:22,-12.0865297317,-76.9567871093,251.50,7.54
6/6/2023,9:50:25,-12.0864801406,-76.9568405151,251.10,7.54
6/6/2023,9:50:28,-12.0864400863,-76.9568862915,249.60,7.54
6/6/2023,9:50:31,-12.0863895416,-76.9569320678,249.50,7.54
6/6/2023,9:50:34,-12.0863504409,-76.9569702148,248.60,7.54
6/6/2023,9:50:37,-12.0862998962,-76.9570007324,246.70,7.54
6/6/2023,9:50:40,-12.0862598419,-76.9570388793,248.00,7.54
6/6/2023,9:50:43,-12.0862102508,-76.9570693969,246.20,7.54
6/6/2023,9:50:46,-12.0861701965,-76.9571075439,242.00,7.54
6/6/2023,9:50:49,-12.0861501693,-76.9571304321,236.40,7.54
6/6/2023,9:50:52,-12.0860996246,-76.9571609497,238.40,7.54
6/6/2023,9:50:55,-12.0860500335,-76.9571762084,239.90,7.54
6/6/2023,9:50:58,-12.0859899520,-76.9572219848,240.90,7.54
6/6/2023,9:51:1,-12.0859403610,-76.9572601318,241.30,7.54
6/6/2023,9:51:4,-12.0858898162,-76.9572982788,243.10,7.54
6/6/2023,9:51:7,-12.0858402252,-76.9573516845,244.90,7.54
6/6/2023,9:51:10,-12.0857896804,-76.9573822021,246.00,7.54
6/6/2023,9:51:13,-12.0857295989,-76.9574127197,244.80,7.54
6/6/2023,9:51:16,-12.0856800079,-76.9574432373,243.90,7.54
6/6/2023,9:51:19,-12.0856304168,-76.9574584960,244.90,7.54
6/6/2023,9:51:22,-12.0855798721,-76.9574890136,243.20,7.54
6/6/2023,9:51:25,-12.0855197906,-76.9575195312,242.60,7.54
6/6/2023,9:51:28,-12.0854597091,-76.9575271606,242.90,7.54
6/6/2023,9:51:31,-12.0853996276,-76.9575500488,242.60,7.54
6/6/2023,9:51:34,-12.0853300094,-76.9575576782,242.70,7.54
6/6/2023,9:51:37,-12.0852699279,-76.9575805664,242.20,7.54
6/6/2023,9:51:40,-12.0852203369,-76.9576034545,241.20,7.54
6/6/2023,9:51:43,-12.0851497650,-76.9576110839,243.00,7.54
6/6/2023,9:51:46,-12.0850801467,-76.9576110839,244.50,7.54
6/6/2023,9:51:49,-12.0850296020,-76.9576187133,243.70,7.54
6/6/2023,9:51:52,-12.0849704742,-76.9576416015,243.60,7.54
6/6/2023,9:51:55,-12.0848999023,-76.9576492309,244.50,7.54
6/6/2023,9:51:58,-12.0848503112,-76.9576568603,246.90,7.54
6/6/2023,9:52:1,-12.0847902297,-76.9576721191,245.80,7.54
6/6/2023,9:52:4,-12.0847301483,-76.9576797485,245.80,7.54
6/6/2023,9:52:7,-12.0846796035,-76.9576873779,245.30,7.54
6/6/2023,9:52:10,-12.0846300125,-76.9576873779,244.90,7.54
6/6/2023,9:52:13,-12.0845804214,-76.9577026367,244.40,7.54
6/6/2023,9:52:16,-12.0845203399,-76.9577102661,244.10,7.54
6/6/2023,9:52:19,-12.0844802856,-76.9577102661,242.70,7.54
6/6/2023,9:52:22,-12.0844202041,-76.9577178955,242.80,7.54
6/6/2023,9:52:25,-12.0843601226,-76.9577178955,243.30,7.54
6/6/2023,9:52:28,-12.0842800140,-76.9577178955,243.80,7.54
6/6/2023,9:52:31,-12.0842103958,-76.9577102661,245.20,7.54
6/6/2023,9:52:34,-12.0841503143,-76.9577102661,245.80,7.54
6/6/2023,9:52:37,-12.0840902328,-76.9577102661,245.00,7.54
6/6/2023,9:52:40,-12.0840301513,-76.9577026367,245.50,7.54
6/6/2023,9:52:43,-12.0839700698,-76.9577026367,246.20,7.54
6/6/2023,9:52:46,-12.0839099884,-76.9576873779,246.70,7.54
6/6/2023,9:52:49,-12.0838499069,-76.9576797485,247.20,7.54
6/6/2023,9:52:52,-12.0837898254,-76.9576797485,245.90,7.54
6/6/2023,9:52:55,-12.0837297439,-76.9576721191,246.50,7.54
6/6/2023,9:52:58,-12.0836696624,-76.9576568603,246.60,7.54
6/6/2023,9:53:1,-12.0836095809,-76.9576568603,247.10,7.54
6/6/2023,9:53:4,-12.0835504531,-76.9576416015,247.40,7.54
6/6/2023,9:53:7,-12.0834903717,-76.9576263427,247.40,7.54
6/6/2023,9:53:10,-12.0834302902,-76.9576187133,246.80,7.54
6/6/2023,9:53:13,-12.0833797454,-76.9576034545,247.40,7.54
6/6/2023,9:53:16,-12.0833101272,-76.9575881958,248.70,7.54
6/6/2023,9:53:19,-12.0832595825,-76.9575729370,248.40,7.54
6/6/2023,9:53:22,-12.0832004547,-76.9575576782,249.80,7.54
6/6/2023,9:53:25,-12.0831499099,-76.9575500488,248.20,7.54
6/6/2023,9:53:28,-12.0830898284,-76.9575271606,247.20,7.54
6/6/2023,9:53:31,-12.0830402374,-76.9575195312,245.80,7.54
6/6/2023,9:53:34,-12.0829896926,-76.9575119018,245.50,7.54
6/6/2023,9:53:37,-12.0829496383,-76.9574966430,244.60,7.54
6/6/2023,9:53:40,-12.0829000473,-76.9574813842,245.00,7.54
6/6/2023,9:53:43,-12.0828599929,-76.9574584960,243.60,7.54
6/6/2023,9:53:46,-12.0828104019,-76.9574279785,242.20,7.54
6/6/2023,9:53:49,-12.0827503204,-76.9573898315,240.30,7.54
6/6/2023,9:53:52,-12.0826902389,-76.9573593139,239.10,7.54
6/6/2023,9:53:55,-12.0826301574,-76.9573287963,239.70,7.54
6/6/2023,9:53:58,-12.0825700759,-76.9573135375,240.10,7.54
6/6/2023,9:54:1,-12.0825099945,-76.9572906494,240.40,7.54
6/6/2023,9:54:4,-12.0824604034,-76.9572677612,238.50,7.54
6/6/2023,9:54:7,-12.0824098587,-76.9572296142,239.30,7.54
6/6/2023,9:54:10,-12.0823698043,-76.9571990966,237.30,7.54
6/6/2023,9:54:13,-12.0823097229,-76.9571762084,236.30,7.54
6/6/2023,9:54:16,-12.0822601318,-76.9571533203,235.10,7.54
6/6/2023,9:54:19,-12.0822200775,-76.9571075439,233.80,7.54
6/6/2023,9:54:22,-12.0821695327,-76.9570693969,234.60,7.54
6/6/2023,9:54:25,-12.0821199417,-76.9570312500,235.00,7.54
6/6/2023,9:54:28,-12.0820598602,-76.9570007324,236.00,7.54
6/6/2023,9:54:31,-12.0820102691,-76.9569702148,235.60,7.54
6/6/2023,9:54:34,-12.0819597244,-76.9569396972,235.50,7.54
6/6/2023,9:54:37,-12.0819196701,-76.9569015502,234.40,7.54
6/6/2023,9:54:40,-12.0818700790,-76.9568710327,234.80,7.54
6/6/2023,9:54:43,-12.0818300247,-76.9568176269,234.60,7.54
6/6/2023,9:54:46,-12.0817804336,-76.9567871093,233.60,7.54
6/6/2023,9:54:49,-12.0817403793,-76.9567489624,234.00,7.54
6/6/2023,9:54:52,-12.0816898345,-76.9567108154,234.50,7.54
6/6/2023,9:54:55,-12.0816497802,-76.9566726684,234.30,7.54
6/6/2023,9:54:58,-12.0816001892,-76.9566268920,235.20,7.54
6/6/2023,9:55:1,-12.0815601348,-76.9565887451,235.50,7.54
6/6/2023,9:55:4,-12.0815200805,-76.9565582275,237.10,7.54
6/6/2023,9:55:7,-12.0814800262,-76.9565200805,237.60,7.54
6/6/2023,9:55:10,-12.0814399719,-76.9564666748,237.50,7.54
6/6/2023,9:55:13,-12.0813903808,-76.9564285278,238.90,7.54
6/6/2023,9:55:16,-12.0813503265,-76.9563980102,239.30,7.54
6/6/2023,9:55:19,-12.0813198089,-76.9563598632,238.70,7.54
6/6/2023,9:55:22,-12.0812902450,-76.9563064575,237.90,7.54
6/6/2023,9:55:25,-12.0812597274,-76.9562683105,239.20,7.54
6/6/2023,9:55:28,-12.0812301635,-76.9562072753,239.60,7.54
6/6/2023,9:55:31,-12.0811901092,-76.9561691284,239.60,7.54
6/6/2023,9:55:34,-12.0811500549,-76.9561309814,240.50,7.54
6/6/2023,9:55:37,-12.0811195373,-76.9560775756,241.60,7.54
6/6/2023,9:55:40,-12.0810899734,-76.9560317993,240.60,7.54
6/6/2023,9:55:43,-12.0810604095,-76.9559783935,238.90,7.54
6/6/2023,9:55:46,-12.0810203552,-76.9559326171,238.20,7.54
6/6/2023,9:55:49,-12.0809803009,-76.9558868408,239.00,7.54
6/6/2023,9:55:52,-12.0809402465,-76.9558410644,239.40,7.54
6/6/2023,9:55:55,-12.0809097290,-76.9558029174,237.90,7.54
6/6/2023,9:55:58,-12.0808801651,-76.9557495117,236.20,7.54
6/6/2023,9:56:1,-12.0808496475,-76.9557113647,233.70,7.54
6/6/2023,9:56:4,-12.0808095932,-76.9556732177,232.50,7.54
6/6/2023,9:56:7,-12.0807695388,-76.9556274414,233.10,7.54
6/6/2023,9:56:10,-12.0807304382,-76.9555816650,233.20,7.54
6/6/2023,9:56:13,-12.0806999206,-76.9555282592,233.90,7.54
6/6/2023,9:56:16,-12.0806598663,-76.9554901123,233.50,7.54
6/6/2023,9:56:19,-12.0806198120,-76.9554595947,235.10,7.54
6/6/2023,9:56:22,-12.0805797576,-76.9554061889,236.20,7.54
6/6/2023,9:56:25,-12.0805301666,-76.9553604125,237.40,7.54
6/6/2023,9:56:28,-12.0804901123,-76.9553222656,237.50,7.54
6/6/2023,9:56:31,-12.0804500579,-76.9552764892,238.70,7.54
6/6/2023,9:56:34,-12.0804004669,-76.9552383422,239.60,7.54
6/6/2023,9:56:37,-12.0803604125,-76.9552078247,238.20,7.54
6/6/2023,9:56:40,-12.0803003311,-76.9551620483,239.40,7.54
6/6/2023,9:56:43,-12.0802602767,-76.9551315307,239.80,7.54
6/6/2023,9:56:46,-12.0802202224,-76.9551010131,239.90,7.54
6/6/2023,9:56:49,-12.0801696777,-76.9550704956,238.60,7.54
6/6/2023,9:56:52,-12.0801200866,-76.9550323486,239.50,7.54
6/6/2023,9:56:55,-12.0800695419,-76.9549865722,240.10,7.54
6/6/2023,9:56:58,-12.0800199508,-76.9549636840,241.60,7.54
6/6/2023,9:57:1,-12.0799598693,-76.9549331665,241.90,7.54
6/6/2023,9:57:4,-12.0799102783,-76.9548873901,243.10,7.54
6/6/2023,9:57:7,-12.0798597335,-76.9548568725,243.70,7.54
6/6/2023,9:57:10,-12.0798101425,-76.9548187255,244.20,7.54
6/6/2023,9:57:13,-12.0797595977,-76.9547805786,243.90,7.54
6/6/2023,9:57:16,-12.0797100067,-76.9547500610,244.00,7.54
6/6/2023,9:57:19,-12.0796499252,-76.9547195434,244.60,7.54
6/6/2023,9:57:22,-12.0796003341,-76.9546966552,243.90,7.54
6/6/2023,9:57:25,-12.0795402526,-76.9546813964,243.70,7.54
6/6/2023,9:57:28,-12.0794897079,-76.9546508789,244.50,7.54
6/6/2023,9:57:31,-12.0794401168,-76.9546279907,245.70,7.54
6/6/2023,9:57:34,-12.0793895721,-76.9546127319,245.40,7.54
6/6/2023,9:57:37,-12.0793304443,-76.9545822143,246.00,7.54
6/6/2023,9:57:40,-12.0792798995,-76.9545593261,245.20,7.54
6/6/2023,9:57:43,-12.0792198181,-76.9545364379,244.70,7.54
6/6/2023,9:57:46,-12.0791702270,-76.9545211791,245.30,7.54
6/6/2023,9:57:49,-12.0791196823,-76.9544906616,245.90,7.54
6/6/2023,9:57:52,-12.0790700912,-76.9544830322,245.20,7.54
6/6/2023,9:57:55,-12.0790195465,-76.9544601440,243.30,7.54
6/6/2023,9:57:58,-12.0789604187,-76.9544372558,244.10,7.54
6/6/2023,9:58:1,-12.0789098739,-76.9544219970,244.10,7.54
6/6/2023,9:58:4,-12.0788602828,-76.9543991088,244.00,7.54
6/6/2023,9:58:7,-12.0788097381,-76.9543685913,244.40,7.54
6/6/2023,9:58:10,-12.0787401199,-76.9543380737,246.10,7.54
6/6/2023,9:58:13,-12.0786800384,-76.9543228149,247.30,7.54
6/6/2023,9:58:16,-12.0786304473,-76.9542999267,246.60,7.54
6/6/2023,9:58:19,-12.0785799026,-76.9543075561,245.10,7.54
6/6/2023,9:58:22,-12.0785303115,-76.9542922973,243.60,7.54
6/6/2023,9:58:25,-12.0784797668,-76.9542770385,244.20,7.54
6/6/2023,9:58:28,-12.0784196853,-76.9542694091,244.30,7.54
6/6/2023,9:58:31,-12.0783596038,-76.9542617797,244.40,7.54
6/6/2023,9:58:34,-12.0783004760,-76.9542617797,245.00,7.54
6/6/2023,9:58:37,-12.0782403945,-76.9542617797,244.80,7.54
6/6/2023,9:58:40,-12.0781898498,-76.9542617797,244.90,7.54
6/6/2023,9:58:43,-12.0781402587,-76.9542694091,244.20,7.54
6/6/2023,9:58:46,-12.0780897140,-76.9542770385,243.30,7.54
6/6/2023,9:58:49,-12.0780401229,-76.9542922973,242.10,7.54
6/6/2023,9:58:52,-12.0780000686,-76.9542922973,239.30,7.54
6/6/2023,9:58:55,-12.0779495239,-76.9542922973,237.60,7.54
6/6/2023,9:58:58,-12.0778903961,-76.9542999267,237.80,7.54
6/6/2023,9:59:1,-12.0778303146,-76.9543075561,239.40,7.54
6/6/2023,9:59:4,-12.0777797698,-76.9543228149,239.30,7.54
6/6/2023,9:59:7,-12.0777196884,-76.9543228149,239.60,7.54
6/6/2023,9:59:10,-12.0776596069,-76.9543304443,239.50,7.54
6/6/2023,9:59:13,-12.0775995254,-76.9543304443,240.70,7.54
6/6/2023,9:59:16,-12.0775604248,-76.9543380737,240.60,7.54
6/6/2023,9:59:19,-12.0775098800,-76.9543533325,240.10,7.54
6/6/2023,9:59:22,-12.0774602890,-76.9543533325,240.10,7.54
6/6/2023,9:59:25,-12.0774002075,-76.9543609619,241.30,7.54
6/6/2023,9:59:28,-12.0773296356,-76.9543685913,243.50,7.54
6/6/2023,9:59:31,-12.0772800445,-76.9543685913,244.60,7.54
6/6/2023,9:59:34,-12.0772304534,-76.9543685913,245.20,7.54
6/6/2023,9:59:37,-12.0771903991,-76.9543914794,243.80,7.54
6/6/2023,9:59:40,-12.0771303176,-76.9543914794,242.50,7.54
6/6/2023,9:59:43,-12.0770702362,-76.9543991088,243.30,7.54
6/6/2023,9:59:46,-12.0769996643,-76.9543991088,244.90,7.54
6/6/2023,9:59:49,-12.0769395828,-76.9544219970,245.10,7.54
6/6/2023,9:59:52,-12.0768899917,-76.9544372558,245.60,7.54
6/6/2023,9:59:55,-12.0768299102,-76.9544525146,245.60,7.54
6/6/2023,9:59:58,-12.0767698287,-76.9544677734,246.50,7.54
6/6/2023,10:0:1,-12.0767097473,-76.9544906616,246.80,7.54
6/6/2023,10:0:4,-12.0766601562,-76.9545135498,247.20,7.54
6/6/2023,10:0:7,-12.0766096115,-76.9545211791,246.40,7.54
6/6/2023,10:0:10,-12.0765495300,-76.9545288085,246.70,7.54
6/6/2023,10:0:13,-12.0764904022,-76.9545364379,246.90,7.54
6/6/2023,10:0:16,-12.0764398574,-76.9545516967,247.20,7.54
6/6/2023,10:0:19,-12.0763797760,-76.9545364379,246.20,7.54
6/6/2023,10:0:22,-12.0763597488,-76.9544906616,244.50,7.54
6/6/2023,10:0:25,-12.0763301849,-76.9544372558,244.30,7.54
6/6/2023,10:0:28,-12.0762996673,-76.9543762207,244.40,7.54
6/6/2023,10:0:31,-12.0762796401,-76.9543228149,244.80,7.54
6/6/2023,10:0:34,-12.0762596130,-76.9542694091,244.80,7.54
6/6/2023,10:0:37,-12.0762796401,-76.9542465209,245.50,7.54
6/6/2023,10:0:40,-12.0763101577,-76.9542312622,245.20,7.54
6/6/2023,10:0:43,-12.0763397216,-76.9542083740,244.10,7.54
6/6/2023,10:0:46,-12.0763702392,-76.9541931152,242.60,7.54
6/6/2023,10:0:49,-12.0764198303,-76.9541625976,242.80,7.54
6/6/2023,10:0:52,-12.0764799118,-76.9541168212,243.30,7.54
6/6/2023,10:0:55,-12.0765304565,-76.9540863037,242.40,7.54
6/6/2023,10:0:58,-12.0765895843,-76.9540786743,241.50,7.54
6/6/2023,10:1:1,-12.0766496658,-76.9540710449,238.80,7.54
6/6/2023,10:1:4,-12.0767097473,-76.9540405273,238.90,7.54
6/6/2023,10:1:7,-12.0767602920,-76.9540100097,239.50,7.54
6/6/2023,10:1:10,-12.0768098831,-76.9540023803,241.80,7.54
6/6/2023,10:1:13,-12.0768604278,-76.9539718627,241.40,7.54
6/6/2023,10:1:16,-12.0769100189,-76.9539489746,240.00,7.54
6/6/2023,10:1:19,-12.0769500732,-76.9539108276,238.10,7.54
6/6/2023,10:1:22,-12.0770196914,-76.9538574218,236.80,7.54
6/6/2023,10:1:25,-12.0770597457,-76.9538192749,235.30,7.54
6/6/2023,10:1:28,-12.0770998001,-76.9537811279,234.40,7.54
6/6/2023,10:1:31,-12.0771398544,-76.9537429809,234.70,7.54
6/6/2023,10:1:34,-12.0772104263,-76.9536895751,234.80,7.54
6/6/2023,10:1:37,-12.0772695541,-76.9536514282,236.70,7.54
6/6/2023,10:1:40,-12.0773096084,-76.9536132812,238.20,7.54
6/6/2023,10:1:43,-12.0773496627,-76.9535675048,239.90,7.54
6/6/2023,10:1:46,-12.0773897171,-76.9535369873,240.80,7.54
6/6/2023,10:1:49,-12.0774297714,-76.9535064697,240.20,7.54
6/6/2023,10:1:52,-12.0774602890,-76.9534835815,241.30,7.54
6/6/2023,10:1:55,-12.0775098800,-76.9534225463,242.70,7.54
6/6/2023,10:1:58,-12.0775403976,-76.9533920288,242.50,7.54
6/6/2023,10:2:1,-12.0775899887,-76.9533386230,242.50,7.54
6/6/2023,10:2:4,-12.0776395797,-76.9533004760,243.00,7.54
6/6/2023,10:2:7,-12.0776796340,-76.9532470703,242.50,7.54
6/6/2023,10:2:10,-12.0777301788,-76.9532089233,242.00,7.54
6/6/2023,10:2:13,-12.0777702331,-76.9531631469,242.70,7.54
6/6/2023,10:2:16,-12.0778102874,-76.9531173706,244.60,7.54
6/6/2023,10:2:19,-12.0778503417,-76.9530792236,244.30,7.54
6/6/2023,10:2:22,-12.0778903961,-76.9530410766,245.50,7.54
6/6/2023,10:2:25,-12.0779399871,-76.9530029296,245.90,7.54
6/6/2023,10:2:28,-12.0779695510,-76.9529724121,243.90,7.54
6/6/2023,10:2:31,-12.0779895782,-76.9529266357,244.60,7.54
6/6/2023,10:2:34,-12.0780296325,-76.9528884887,246.20,7.54
6/6/2023,10:2:37,-12.0780601501,-76.9528503417,247.20,7.54
6/6/2023,10:2:40,-12.0780897140,-76.9528121948,248.10,7.54
6/6/2023,10:2:43,-12.0781297683,-76.9527664184,247.20,7.54
6/6/2023,10:2:46,-12.0781602859,-76.9527282714,246.60,7.54
6/6/2023,10:2:49,-12.0782003402,-76.9526977539,246.60,7.54
6/6/2023,10:2:52,-12.0782499313,-76.9526519775,245.30,7.54
6/6/2023,10:2:55,-12.0782804489,-76.9526062011,244.40,7.54
6/6/2023,10:2:58,-12.0783004760,-76.9525680541,243.90,7.54
6/6/2023,10:3:1,-12.0783395767,-76.9525299072,242.60,7.54
6/6/2023,10:3:4,-12.0783796310,-76.9524917602,242.80,7.54
6/6/2023,10:3:7,-12.0784196853,-76.9524383544,242.20,7.54
6/6/2023,10:3:10,-12.0784502029,-76.9523925781,242.60,7.54
6/6/2023,10:3:13,-12.0784997940,-76.9523391723,241.50,7.54
6/6/2023,10:3:16,-12.0785503387,-76.9522933959,240.00,7.54
6/6/2023,10:3:19,-12.0785903930,-76.9522399902,238.20,7.54
6/6/2023,10:3:22,-12.0786399841,-76.9521865844,237.40,7.54
6/6/2023,10:3:25,-12.0786695480,-76.9521484375,237.10,7.54
6/6/2023,10:3:28,-12.0787200927,-76.9521102905,234.90,7.54
6/6/2023,10:3:31,-12.0787496566,-76.9520721435,235.00,7.54
6/6/2023,10:3:34,-12.0787801742,-76.9520416259,234.90,7.54
6/6/2023,10:3:37,-12.0788202285,-76.9519882202,234.80,7.54
6/6/2023,10:3:40,-12.0788602828,-76.9519424438,233.90,7.54
6/6/2023,10:3:43,-12.0789098739,-76.9518890380,232.70,7.54
6/6/2023,10:3:46,-12.0789499282,-76.9518508911,232.20,7.54
6/6/2023,10:3:49,-12.0789804458,-76.9518127441,232.60,7.54
6/6/2023,10:3:52,-12.0790195465,-76.9517822265,233.60,7.54
6/6/2023,10:3:55,-12.0790500640,-76.9517364501,233.30,7.54
6/6/2023,10:3:58,-12.0790901184,-76.9516983032,234.20,7.54
6/6/2023,10:4:1,-12.0791196823,-76.9516525268,235.40,7.54
6/6/2023,10:4:4,-12.0791501998,-76.9516067504,237.40,7.54
6/6/2023,10:4:7,-12.0791797637,-76.9515609741,236.40,7.54
6/6/2023,10:4:10,-12.0792102813,-76.9514999389,236.40,6.17
6/6/2023,10:4:13,-12.0792598724,-76.9514465332,235.90,6.17
6/6/2023,10:4:16,-12.0792903900,-76.9513778686,236.60,6.17
6/6/2023,10:4:19,-12.0793304443,-76.9513092041,237.80,6.17
6/6/2023,10:4:22,-12.0793399810,-76.9512481689,240.60,6.17
6/6/2023,10:4:25,-12.0793600082,-76.9512023925,242.70,6.17
6/6/2023,10:4:28,-12.0793800354,-76.9511566162,245.50,6.17
6/6/2023,10:4:31,-12.0794000625,-76.9511032104,247.50,6.17
6/6/2023,10:4:34,-12.0794200897,-76.9510421752,249.70,6.17
6/6/2023,10:4:37,-12.0794296264,-76.9509887695,250.30,6.17
6/6/2023,10:4:40,-12.0794401168,-76.9509429931,249.50,6.17
6/6/2023,10:4:43,-12.0794496536,-76.9508819580,248.50,6.17
6/6/2023,10:4:46,-12.0794601440,-76.9508209228,247.80,6.17
6/6/2023,10:4:49,-12.0794696807,-76.9507598876,245.90,6.17
6/6/2023,10:4:52,-12.0794601440,-76.9506988525,246.70,6.17
6/6/2023,10:4:55,-12.0794601440,-76.9506378173,246.30,6.17
6/6/2023,10:4:58,-12.0794496536,-76.9505920410,246.60,6.17
6/6/2023,10:5:1,-12.0794401168,-76.9505310058,248.20,6.17
6/6/2023,10:5:4,-12.0794296264,-76.9504623413,249.30,6.17
6/6/2023,10:5:7,-12.0794200897,-76.9504013061,249.70,6.17
6/6/2023,10:5:10,-12.0794095993,-76.9503402709,248.80,6.17
6/6/2023,10:5:13,-12.0793895721,-76.9502792358,248.50,6.17
6/6/2023,10:5:16,-12.0793600082,-76.9502334594,248.40,6.17
6/6/2023,10:5:19,-12.0793399810,-76.9501724243,249.30,6.17
6/6/2023,10:5:22,-12.0793104171,-76.9501113891,249.70,6.17
6/6/2023,10:5:25,-12.0792903900,-76.9500808715,250.80,6.17
6/6/2023,10:5:28,-12.0792798995,-76.9499969482,251.50,6.17
6/6/2023,10:5:31,-12.0792798995,-76.9499435424,249.90,6.17
6/6/2023,10:5:34,-12.0792598724,-76.9498901367,249.50,6.17
6/6/2023,10:5:37,-12.0792503356,-76.9498291015,249.90,6.17
6/6/2023,10:5:40,-12.0792303085,-76.9497833251,250.40,6.17
6/6/2023,10:5:43,-12.0792198181,-76.9497222900,249.60,6.17
6/6/2023,10:5:46,-12.0792102813,-76.9496612548,248.10,6.17
6/6/2023,10:5:49,-12.0791902542,-76.9496002197,248.40,6.17
6/6/2023,10:5:52,-12.0791702270,-76.9495391845,249.20,6.17
6/6/2023,10:5:55,-12.0791397094,-76.9494781494,249.50,6.17
6/6/2023,10:5:58,-12.0791101455,-76.9494171142,251.50,6.17
6/6/2023,10:6:1,-12.0790796279,-76.9493637084,252.80,6.17
6/6/2023,10:6:4,-12.0790500640,-76.9493103027,252.80,4.44
6/6/2023,10:6:7,-12.0790395736,-76.9492568969,252.50,4.44
6/6/2023,10:6:10,-12.0790195465,-76.9492034912,251.60,4.44
6/6/2023,10:6:13,-12.0790100097,-76.9491500854,251.90,4.44
6/6/2023,10:6:16,-12.0789804458,-76.9490966796,252.20,4.44
6/6/2023,10:6:19,-12.0789699554,-76.9490509033,252.30,4.44
6/6/2023,10:6:22,-12.0789499282,-76.9489822387,252.80,4.44
6/6/2023,10:6:25,-12.0789299011,-76.9489212036,252.40,4.44
6/6/2023,10:6:28,-12.0789098739,-76.9488677978,252.50,4.44
6/6/2023,10:6:31,-12.0788898468,-76.9487991333,253.20,4.44
6/6/2023,10:6:34,-12.0788803100,-76.9487380981,252.80,4.44
6/6/2023,10:6:37,-12.0788602828,-76.9486923217,252.00,4.44
6/6/2023,10:6:40,-12.0788497924,-76.9486312866,251.50,4.44
6/6/2023,10:6:43,-12.0788297653,-76.9485778808,251.40,4.44
6/6/2023,10:6:46,-12.0788097381,-76.9485168457,251.70,4.44
6/6/2023,10:6:49,-12.0787897109,-76.9484481811,253.10,4.44
6/6/2023,10:6:52,-12.0787696838,-76.9484024047,252.50,4.44
6/6/2023,10:6:55,-12.0787496566,-76.9483413696,252.20,4.44
6/6/2023,10:6:58,-12.0787296295,-76.9482879638,252.00,4.44
6/6/2023,10:7:1,-12.0787096023,-76.9482269287,251.30,4.44
6/6/2023,10:7:4,-12.0787000656,-76.9481811523,250.90,4.44
6/6/2023,10:7:7,-12.0786800384,-76.9481124877,251.00,4.44
6/6/2023,10:7:10,-12.0786600112,-76.9480514526,251.40,4.44
6/6/2023,10:7:13,-12.0786504745,-76.9480133056,251.70,4.44
6/6/2023,10:7:16,-12.0786304473,-76.9479370117,251.90,4.44
6/6/2023,10:7:19,-12.0786104202,-76.9478912353,252.50,4.44
6/6/2023,10:7:22,-12.0785799026,-76.9478302001,254.10,4.44
6/6/2023,10:7:25,-12.0785598754,-76.9477691650,254.20,4.44
6/6/2023,10:7:28,-12.0785503387,-76.9477233886,253.80,4.44
6/6/2023,10:7:31,-12.0785398483,-76.9476699829,253.40,4.44
6/6/2023,10:7:34,-12.0785198211,-76.9476165771,253.50,4.44
6/6/2023,10:7:37,-12.0784997940,-76.9475708007,252.40,4.44
6/6/2023,10:7:40,-12.0784797668,-76.9475097656,253.30,4.44
6/6/2023,10:7:43,-12.0784597396,-76.9474563598,253.10,4.44
6/6/2023,10:7:46,-12.0784397125,-76.9474029541,252.90,4.44
6/6/2023,10:7:49,-12.0784196853,-76.9473419189,253.40,4.44
6/6/2023,10:7:52,-12.0784101486,-76.9472885131,252.60,4.44
6/6/2023,10:7:55,-12.0783996582,-76.9472274780,250.90,4.44
6/6/2023,10:7:58,-12.0783796310,-76.9471664428,250.50,4.44
6/6/2023,10:8:1,-12.0783700942,-76.9471206665,250.90,4.44
6/6/2023,10:8:4,-12.0783395767,-76.9470596313,251.50,4.44
6/6/2023,10:8:7,-12.0783004760,-76.9470291137,250.30,4.44
6/6/2023,10:8:10,-12.0782604217,-76.9469909667,250.90,4.44
6/6/2023,10:8:13,-12.0782098770,-76.9469604492,252.60,4.44
6/6/2023,10:8:16,-12.0781803131,-76.9469299316,252.50,4.44
6/6/2023,10:8:19,-12.0781698226,-76.9468688964,253.10,4.44
6/6/2023,10:8:22,-12.0781898498,-76.9468231201,252.40,4.44
6/6/2023,10:8:25,-12.0782098770,-76.9467697143,252.50,4.44
6/6/2023,10:8:28,-12.0782003402,-76.9467315673,250.90,4.44
6/6/2023,10:8:31,-12.0782003402,-76.9466705322,252.40,4.44
6/6/2023,10:8:34,-12.0782003402,-76.9466400146,254.30,4.44
6/6/2023,10:8:37,-12.0782403945,-76.9466323852,253.40,4.44
6/6/2023,10:8:40,-12.0782699584,-76.9466323852,252.00,4.44
6/6/2023,10:8:43,-12.0783195495,-76.9466171264,252.00,4.44
6/6/2023,10:8:46,-12.0783596038,-76.9466476440,250.30,4.44
6/6/2023,10:8:49,-12.0784196853,-76.9466781616,246.10,4.44
6/6/2023,10:8:52,-12.0784597396,-76.9467086791,245.60,4.44
6/6/2023,10:8:55,-12.0784997940,-76.9467315673,243.40,4.44
6/6/2023,10:8:58,-12.0785198211,-76.9467697143,239.30,4.44
6/6/2023,10:9:1,-12.0785303115,-76.9468307495,237.80,4.44
6/6/2023,10:9:4,-12.0785303115,-76.9468917846,240.90,4.44
6/6/2023,10:9:7,-12.0785303115,-76.9469604492,242.40,4.44
6/6/2023,10:9:10,-12.0785102844,-76.9470291137,243.70,4.44
6/6/2023,10:9:13,-12.0784702301,-76.9470672607,246.10,4.44
6/6/2023,10:9:16,-12.0784196853,-76.9470977783,248.70,4.44
6/6/2023,10:9:19,-12.0783700942,-76.9471206665,249.20,4.44
6/6/2023,10:9:22,-12.0783700942,-76.9471664428,248.70,4.44
6/6/2023,10:9:25,-12.0783796310,-76.9472122192,248.70,4.44
6/6/2023,10:9:28,-12.0783996582,-76.9472732543,249.70,4.44
6/6/2023,10:9:31,-12.0784196853,-76.9473266601,249.40,4.44
6/6/2023,10:9:34,-12.0784397125,-76.9473876953,248.90,4.44
6/6/2023,10:9:37,-12.0784502029,-76.9474411010,247.20,4.44
6/6/2023,10:9:40,-12.0784702301,-76.9474868774,246.20,4.44
6/6/2023,10:9:43,-12.0784797668,-76.9475631713,246.20,4.44
6/6/2023,10:9:46,-12.0784997940,-76.9476165771,246.30,4.44
6/6/2023,10:9:49,-12.0785198211,-76.9476776123,245.90,4.44
6/6/2023,10:9:52,-12.0785398483,-76.9477386474,244.70,4.44
6/6/2023,10:9:55,-12.0785503387,-76.9477996826,244.30,4.44
6/6/2023,10:9:58,-12.0785703659,-76.9478530883,244.00,4.44
6/6/2023,10:10:1,-12.0785903930,-76.9478988647,243.60,4.44
6/6/2023,10:10:4,-12.0785999298,-76.9479370117,242.50,4.44
6/6/2023,10:10:7,-12.0786199569,-76.9479904174,241.20,4.44
6/6/2023,10:10:10,-12.0786304473,-76.9480514526,241.60,4.44
6/6/2023,10:10:13,-12.0786504745,-76.9480895996,238.90,4.44
6/6/2023,10:10:16,-12.0786695480,-76.9481506347,237.70,4.44
6/6/2023,10:10:19,-12.0787000656,-76.9482116699,236.00,4.44
6/6/2023,10:10:22,-12.0787096023,-76.9482574462,237.70,4.44
6/6/2023,10:10:25,-12.0787200927,-76.9483108520,237.20,4.44
6/6/2023,10:10:28,-12.0787401199,-76.9483718872,236.70,4.44
6/6/2023,10:10:31,-12.0787496566,-76.9484329223,235.80,4.44
6/6/2023,10:10:34,-12.0787696838,-76.9484863281,236.00,4.44
6/6/2023,10:10:37,-12.0787801742,-76.9485397338,234.70,4.44
6/6/2023,10:10:40,-12.0788002014,-76.9485931396,233.20,4.44
6/6/2023,10:10:43,-12.0788097381,-76.9486465454,232.20,4.44
6/6/2023,10:10:46,-12.0788297653,-76.9487075805,232.00,4.44
6/6/2023,10:10:49,-12.0788402557,-76.9487686157,232.00,4.44
6/6/2023,10:10:52,-12.0788602828,-76.9488220214,230.30,4.44
6/6/2023,10:10:55,-12.0788898468,-76.9488677978,227.40,4.44
6/6/2023,10:10:58,-12.0789098739,-76.9489212036,228.30,4.44
6/6/2023,10:11:1,-12.0789203643,-76.9489669799,226.80,4.44
6/6/2023,10:11:4,-12.0789403915,-76.9490203857,228.40,4.44
6/6/2023,10:11:7,-12.0789604187,-76.9490737915,228.50,4.44
6/6/2023,10:11:10,-12.0789804458,-76.9491271972,228.50,4.44
6/6/2023,10:11:13,-12.0790004730,-76.9491882324,228.20,4.44
6/6/2023,10:11:16,-12.0790100097,-76.9492492675,228.70,4.44
6/6/2023,10:11:19,-12.0790300369,-76.9493103027,228.00,4.44
6/6/2023,10:11:22,-12.0790596008,-76.9493637084,231.40,4.44
6/6/2023,10:11:25,-12.0790796279,-76.9494323730,234.80,4.44
6/6/2023,10:11:28,-12.0790996551,-76.9494934082,235.60,4.44
6/6/2023,10:11:31,-12.0791301727,-76.9495391845,237.30,4.44
6/6/2023,10:11:34,-12.0791501998,-76.9496002197,239.50,4.44
6/6/2023,10:11:37,-12.0791702270,-76.9496383666,239.70,4.44
6/6/2023,10:11:40,-12.0791902542,-76.9496994018,238.70,4.44
6/6/2023,10:11:43,-12.0792102813,-76.9497528076,233.80,4.44
6/6/2023,10:11:46,-12.0792198181,-76.9497985839,234.10,4.44
6/6/2023,10:11:49,-12.0792398452,-76.9498596191,233.40,4.44
6/6/2023,10:11:52,-12.0792598724,-76.9499130249,231.40,4.44
6/6/2023,10:11:55,-12.0792703628,-76.9499664306,228.90,4.44
6/6/2023,10:11:58,-12.0792903900,-76.9500274658,225.20,4.44
6/6/2023,10:12:1,-12.0793104171,-76.9500808715,223.20,4.44
6/6/2023,10:12:4,-12.0793304443,-76.9501266479,220.40,4.44
6/6/2023,10:12:7,-12.0793399810,-76.9501876831,219.40,4.44
6/6/2023,10:12:10,-12.0793504714,-76.9502487182,217.60,4.44
6/6/2023,10:12:13,-12.0793695449,-76.9503097534,218.90,4.44
6/6/2023,10:12:16,-12.0793895721,-76.9503784179,218.90,3.15
6/6/2023,10:12:19,-12.0793895721,-76.9504394531,219.40,3.15
6/6/2023,10:12:22,-12.0794000625,-76.9504928588,218.00,3.15
6/6/2023,10:12:25,-12.0794095993,-76.9505386352,215.80,3.15
6/6/2023,10:12:28,-12.0794200897,-76.9505920410,212.10,3.15
6/6/2023,10:12:31,-12.0794200897,-76.9506607055,209.60,3.15
6/6/2023,10:12:34,-12.0794200897,-76.9507293701,211.70,3.15
6/6/2023,10:12:37,-12.0794200897,-76.9507827758,207.70,3.15
6/6/2023,10:12:40,-12.0794200897,-76.9508438110,207.00,3.15
6/6/2023,10:12:43,-12.0794095993,-76.9509124755,209.50,3.15
6/6/2023,10:12:46,-12.0794000625,-76.9509887695,215.00,3.15
6/6/2023,10:12:49,-12.0793800354,-76.9510803222,220.10,3.15
6/6/2023,10:12:52,-12.0793600082,-76.9511413574,226.10,3.15
6/6/2023,10:12:55,-12.0793504714,-76.9512100219,234.60,3.15
6/6/2023,10:12:58,-12.0793199539,-76.9512786865,241.50,3.15
6/6/2023,10:13:1,-12.0792999267,-76.9513397216,246.30,3.15
6/6/2023,10:13:4,-12.0792798995,-76.9513778686,247.90,3.15
6/6/2023,10:13:7,-12.0792598724,-76.9514083862,250.10,3.15
6/6/2023,10:13:10,-12.0792398452,-76.9514465332,255.20,3.15
6/6/2023,10:13:13,-12.0792102813,-76.9515075683,254.50,3.15
6/6/2023,10:13:16,-12.0791702270,-76.9515609741,252.10,3.15
6/6/2023,10:13:19,-12.0791397094,-76.9516067504,251.60,3.15
6/6/2023,10:13:22,-12.0790996551,-76.9516677856,250.00,3.15
6/6/2023,10:13:25,-12.0790700912,-76.9517211914,247.20,3.15
6/6/2023,10:13:28,-12.0790195465,-76.9517593383,245.90,3.15
6/6/2023,10:13:31,-12.0789899826,-76.9518127441,244.30,3.15
6/6/2023,10:13:34,-12.0789699554,-76.9518737792,241.50,3.15
6/6/2023,10:13:37,-12.0789299011,-76.9519119262,241.90,3.15
6/6/2023,10:13:40,-12.0789003372,-76.9519577026,240.70,3.15
6/6/2023,10:13:43,-12.0788602828,-76.9520034790,241.00,3.15
6/6/2023,10:13:46,-12.0788297653,-76.9520492553,239.10,3.15
6/6/2023,10:13:49,-12.0787897109,-76.9521026611,237.60,3.15
6/6/2023,10:13:52,-12.0787401199,-76.9521484375,239.20,3.15
6/6/2023,10:13:55,-12.0786895751,-76.9521789550,240.90,3.15
6/6/2023,10:13:58,-12.0786504745,-76.9522171020,243.20,3.15
6/6/2023,10:14:1,-12.0786104202,-76.9522628784,243.60,3.15
6/6/2023,10:14:4,-12.0785598754,-76.9523162841,243.60,6.24
6/6/2023,10:14:7,-12.0785303115,-76.9523696899,243.10,6.24
6/6/2023,10:14:10,-12.0784902572,-76.9524230957,242.30,6.24
6/6/2023,10:14:13,-12.0784502029,-76.9524612426,243.10,6.24
6/6/2023,10:14:16,-12.0784101486,-76.9525070190,242.20,6.24
6/6/2023,10:14:19,-12.0783700942,-76.9525604248,242.10,6.24
6/6/2023,10:14:22,-12.0783395767,-76.9526062011,242.50,6.24
6/6/2023,10:14:25,-12.0783195495,-76.9526519775,240.70,6.24
6/6/2023,10:14:28,-12.0782699584,-76.9526824951,240.90,6.24
6/6/2023,10:14:31,-12.0782203674,-76.9527206420,240.80,6.24
6/6/2023,10:14:34,-12.0781602859,-76.9527587890,243.00,6.24
6/6/2023,10:14:37,-12.0781097412,-76.9528121948,245.20,6.24
6/6/2023,10:14:40,-12.0780601501,-76.9528732299,246.90,6.24
6/6/2023,10:14:43,-12.0780096054,-76.9529190063,246.70,6.24
6/6/2023,10:14:46,-12.0779399871,-76.9529724121,247.90,6.24
6/6/2023,10:15:25,-12.0773801803,-76.9535064697,242.80,5.20
6/6/2023,10:15:28,-12.0773296356,-76.9535369873,241.60,5.20
6/6/2023,10:23:7,-12.0826301574,-76.9573516845,243.60,6.00
6/6/2023,10:23:10,-12.0826902389,-76.9573669433,243.50,6.00
6/6/2023,10:23:13,-12.0827503204,-76.9573898315,243.10,6.00
6/6/2023,10:23:16,-12.0827999114,-76.9573974609,242.20,6.00
6/6/2023,10:23:19,-12.0828599929,-76.9574203491,242.80,6.00
6/6/2023,10:23:22,-12.0829095840,-76.9574432373,243.00,6.00
6/6/2023,10:23:25,-12.0829696655,-76.9574737548,242.30,6.00
6/6/2023,10:23:28,-12.0830202102,-76.9574813842,242.10,6.00
6/6/2023,10:23:31,-12.0830802917,-76.9574966430,243.70,6.00
6/6/2023,10:23:34,-12.0831403732,-76.9575119018,243.00,6.00
6/6/2023,10:23:37,-12.0831804275,-76.9575271606,244.50,6.00
6/6/2023,10:23:40,-12.0832395553,-76.9575500488,246.10,6.00
6/6/2023,10:23:43,-12.0832996368,-76.9575576782,244.90,6.00
6/6/2023,10:23:46,-12.0833501815,-76.9575805664,244.30,6.00
6/6/2023,10:23:49,-12.0833997726,-76.9575881958,243.70,6.00
6/6/2023,10:23:52,-12.0834598541,-76.9576034545,243.60,6.00
6/6/2023,10:23:55,-12.0835199356,-76.9576110839,243.90,6.00
6/6/2023,10:23:58,-12.0835695266,-76.9576187133,244.40,6.00
6/6/2023,10:24:1,-12.0836200714,-76.9576187133,243.60,6.00
6/6/2023,10:24:4,-12.0836801528,-76.9576416015,243.70,6.00
6/6/2023,10:24:7,-12.0837402343,-76.9576492309,245.30,6.00
6/6/2023,10:24:10,-12.0837898254,-76.9576568603,244.90,6.00
6/6/2023,10:24:13,-12.0838499069,-76.9576568603,245.40,6.00
6/6/2023,10:24:16,-12.0839099884,-76.9576568603,244.40,6.00
6/6/2023,10:24:19,-12.0839700698,-76.9576568603,242.90,6.00
6/6/2023,10:24:22,-12.0840396881,-76.9576568603,243.60,6.00
6/6/2023,10:24:25,-12.0840997695,-76.9576568603,243.20,6.00
6/6/2023,10:24:28,-12.0841598510,-76.9576492309,242.50,6.00
6/6/2023,10:24:31,-12.0842199325,-76.9576568603,243.30,6.00
6/6/2023,10:24:34,-12.0842800140,-76.9576568603,243.30,5.82
6/6/2023,10:24:37,-12.0843296051,-76.9576568603,244.10,5.82
6/6/2023,10:24:40,-12.0843801498,-76.9576492309,243.20,5.82
6/6/2023,10:24:43,-12.0844497680,-76.9576416015,246.00,5.82
6/6/2023,10:24:46,-12.0845203399,-76.9576492309,249.20,5.82
6/6/2023,10:24:49,-12.0845699310,-76.9576492309,249.80,5.82
6/6/2023,10:24:52,-12.0846500396,-76.9576416015,249.40,5.82
6/6/2023,10:24:55,-12.0846996307,-76.9576263427,248.00,5.82
6/6/2023,10:24:58,-12.0847597122,-76.9576110839,246.50,5.82
6/6/2023,10:25:1,-12.0848302841,-76.9576034545,245.80,5.82
6/6/2023,10:25:4,-12.0848798751,-76.9575881958,244.90,5.82
6/6/2023,10:25:7,-12.0849399566,-76.9575729370,246.50,5.82
6/6/2023,10:25:10,-12.0849895477,-76.9575576782,247.60,5.82
6/6/2023,10:25:13,-12.0850496292,-76.9575500488,248.30,5.82
6/6/2023,10:25:16,-12.0851001739,-76.9575500488,248.70,5.82
6/6/2023,10:25:19,-12.0851497650,-76.9575271606,246.30,5.82
6/6/2023,10:25:22,-12.0852003097,-76.9575119018,247.10,5.82
6/6/2023,10:25:25,-12.0852603912,-76.9574966430,246.80,5.82
6/6/2023,10:25:28,-12.0853099822,-76.9574813842,246.60,5.82
6/6/2023,10:25:31,-12.0853700637,-76.9574584960,247.50,5.82
6/6/2023,10:25:34,-12.0854301452,-76.9574432373,246.30,5.82
6/6/2023,10:25:37,-12.0854997634,-76.9574127197,245.60,5.82
6/6/2023,10:25:40,-12.0855503082,-76.9573898315,244.70,5.82
6/6/2023,10:25:43,-12.0855998992,-76.9573669433,245.20,5.82
6/6/2023,10:25:46,-12.0856399536,-76.9573516845,246.80,5.82
6/6/2023,10:25:49,-12.0857000350,-76.9573287963,247.90,5.82
6/6/2023,10:25:52,-12.0857400894,-76.9572982788,248.60,5.82
6/6/2023,10:25:55,-12.0857801437,-76.9572906494,248.20,5.82
6/6/2023,10:25:58,-12.0858201980,-76.9572677612,246.70,5.82
6/6/2023,10:26:1,-12.0858697891,-76.9572372436,245.50,5.82
6/6/2023,10:26:4,-12.0859203338,-76.9571990966,245.10,5.82
6/6/2023,10:26:7,-12.0859603881,-76.9571762084,245.40,5.82
6/6/2023,10:26:10,-12.0860004425,-76.9571533203,245.60,5.82
6/6/2023,10:26:13,-12.0860500335,-76.9571228027,246.60,5.82
6/6/2023,10:26:16,-12.0860996246,-76.9570922851,247.00,5.82
6/6/2023,10:26:19,-12.0861396789,-76.9570465087,246.40,5.82
6/6/2023,10:26:22,-12.0861902236,-76.9570236206,247.40,5.82
6/6/2023,10:26:25,-12.0862197875,-76.9569778442,247.20,5.82
6/6/2023,10:26:28,-12.0862703323,-76.9569396972,246.70,5.82
6/6/2023,10:26:31,-12.0863199234,-76.9569168090,246.20,5.82
6/6/2023,10:26:34,-12.0863704681,-76.9568786621,246.50,5.82
6/6/2023,10:26:37,-12.0864095687,-76.9568405151,246.60,5.82
6/6/2023,10:26:40,-12.0864496231,-76.9568099975,247.10,5.82
6/6/2023,10:26:43,-12.0865001678,-76.9567565917,247.10,5.82
6/6/2023,10:26:46,-12.0865402221,-76.9567184448,247.20,5.82
6/6/2023,10:26:49,-12.0865802764,-76.9566726684,245.70,5.82
6/6/2023,10:26:52,-12.0866203308,-76.9566268920,245.90,5.82
6/6/2023,10:26:55,-12.0866603851,-76.9565887451,245.40,5.82
6/6/2023,10:26:58,-12.0867004394,-76.9565429687,245.40,5.82
6/6/2023,10:27:1,-12.0867500305,-76.9564971923,245.00,5.82
6/6/2023,10:27:4,-12.0867900848,-76.9564590454,242.90,5.82
6/6/2023,10:27:7,-12.0868301391,-76.9564208984,243.30,5.82
6/6/2023,10:27:10,-12.0868701934,-76.9563980102,243.70,5.82
6/6/2023,10:27:13,-12.0869102478,-76.9563598632,244.00,5.82
6/6/2023,10:27:16,-12.0869503021,-76.9563217163,245.10,5.82
6/6/2023,10:27:19,-12.0869798660,-76.9562835693,246.50,5.82
6/6/2023,10:27:22,-12.0870399475,-76.9562225341,243.30,5.82
6/6/2023,10:27:25,-12.0870895385,-76.9561691284,241.90,5.82
6/6/2023,10:27:28,-12.0871200561,-76.9561386108,243.20,5.82
6/6/2023,10:27:31,-12.0871496200,-76.9561080932,242.80,5.82
6/6/2023,10:27:34,-12.0871896743,-76.9560623168,242.00,5.82
6/6/2023,10:27:37,-12.0872097015,-76.9560317993,240.50,5.82
6/6/2023,10:27:40,-12.0872497558,-76.9559936523,240.80,5.82
6/6/2023,10:27:43,-12.0873003005,-76.9559478759,242.60,5.82
6/6/2023,10:27:46,-12.0873498916,-76.9559097290,242.90,5.82
6/6/2023,10:27:49,-12.0874004364,-76.9558563232,244.50,5.82
6/6/2023,10:27:52,-12.0874500274,-76.9558105468,245.30,5.82
6/6/2023,10:27:55,-12.0874900817,-76.9557495117,244.90,5.82
6/6/2023,10:27:58,-12.0875301361,-76.9557113647,245.40,5.82
6/6/2023,10:28:1,-12.0875797271,-76.9556579589,245.20,5.82
6/6/2023,10:28:4,-12.0876197814,-76.9556121826,245.90,5.82
6/6/2023,10:28:7,-12.0876598358,-76.9555664062,247.00,5.82
6/6/2023,10:28:10,-12.0876998901,-76.9555206298,247.50,5.82
6/6/2023,10:28:13,-12.0877304077,-76.9554672241,247.50,5.82
6/6/2023,10:28:16,-12.0877599716,-76.9554367065,246.80,5.82
6/6/2023,10:28:19,-12.0878095626,-76.9553985595,246.90,5.82
6/6/2023,10:28:22,-12.0878496170,-76.9553527832,246.10,5.82
6/6/2023,10:28:25,-12.0878801345,-76.9553070068,245.70,5.82
6/6/2023,10:28:28,-12.0879297256,-76.9552612304,245.30,5.82
6/6/2023,10:28:31,-12.0879697799,-76.9552230834,245.10,5.82
6/6/2023,10:28:34,-12.0880098342,-76.9551773071,244.70,5.82
6/6/2023,10:28:37,-12.0880603790,-76.9551391601,245.30,5.82
6/6/2023,10:28:40,-12.0881004333,-76.9551010131,245.10,5.82
6/6/2023,10:28:43,-12.0881395339,-76.9550628662,244.20,5.82
6/6/2023,10:28:46,-12.0881795883,-76.9550170898,243.80,5.82
6/6/2023,10:28:49,-12.0882301330,-76.9549713134,244.90,5.82
6/6/2023,10:28:52,-12.0882701873,-76.9549331665,245.80,5.82
6/6/2023,10:28:55,-12.0883102416,-76.9548797607,246.50,5.82
6/6/2023,10:28:58,-12.0883398056,-76.9548263549,246.30,5.82
6/6/2023,10:29:1,-12.0883703231,-76.9548034667,245.80,5.82
6/6/2023,10:29:4,-12.0884199142,-76.9547576904,245.40,5.82
6/6/2023,10:29:7,-12.0884799957,-76.9547119140,246.60,5.82
6/6/2023,10:29:10,-12.0885295867,-76.9546508789,246.70,5.82
6/6/2023,10:29:13,-12.0885696411,-76.9546127319,246.90,5.82
6/6/2023,10:29:16,-12.0886201858,-76.9545669555,247.10,5.82
6/6/2023,10:29:19,-12.0886602401,-76.9545288085,245.90,5.82
6/6/2023,10:29:22,-12.0887098312,-76.9544906616,245.30,5.82
6/6/2023,10:29:25,-12.0887603759,-76.9544525146,244.70,5.82
6/6/2023,10:29:28,-12.0888004302,-76.9544219970,244.00,5.82
6/6/2023,10:29:31,-12.0888595581,-76.9543762207,243.70,5.82
6/6/2023,10:29:34,-12.0888996124,-76.9543533325,243.30,5.82
6/6/2023,10:29:37,-12.0889501571,-76.9543304443,243.30,5.82
6/6/2023,10:29:40,-12.0889902114,-76.9542999267,243.00,5.82
6/6/2023,10:29:43,-12.0890197753,-76.9542694091,242.50,5.82
6/6/2023,10:29:46,-12.0890703201,-76.9542465209,244.30,5.82
6/6/2023,10:29:49,-12.0891199111,-76.9542312622,246.70,5.82
6/6/2023,10:29:52,-12.0891704559,-76.9542083740,248.50,5.82
6/6/2023,10:29:55,-12.0892200469,-76.9541931152,250.40,5.82
6/6/2023,10:29:58,-12.0892801284,-76.9541625976,251.50,5.82
6/6/2023,10:30:1,-12.0893297195,-76.9541397094,250.10,5.82
6/6/2023,10:30:4,-12.0893898010,-76.9541320800,250.40,5.82
6/6/2023,10:30:7,-12.0894403457,-76.9541015625,248.00,5.82
6/6/2023,10:30:10,-12.0895004272,-76.9540786743,247.40,5.82
6/6/2023,10:30:13,-12.0895795822,-76.9540328979,247.90,5.82
6/6/2023,10:30:16,-12.0896501541,-76.9540100097,247.90,9.06
6/6/2023,10:30:19,-12.0897197723,-76.9539794921,249.30,9.06
6/6/2023,10:30:22,-12.0897798538,-76.9539413452,249.50,9.06
6/6/2023,10:30:25,-12.0898303985,-76.9539184570,249.50,4.52
6/6/2023,10:30:28,-12.0898895263,-76.9538879394,249.40,4.52
6/6/2023,10:30:31,-12.0899496078,-76.9538726806,249.00,4.52
6/6/2023,10:30:34,-12.0900096893,-76.9538497924,249.40,4.52
6/6/2023,10:30:37,-12.0900602340,-76.9538192749,249.00,4.52
6/6/2023,10:30:40,-12.0901203155,-76.9537887573,247.70,4.52
6/6/2023,10:30:43,-12.0901699066,-76.9537734985,247.50,4.52
6/6/2023,10:30:46,-12.0902204513,-76.9537429809,248.10,4.52
6/6/2023,10:30:49,-12.0902700424,-76.9537200927,245.80,4.52
6/6/2023,10:30:52,-12.0903396606,-76.9536972045,245.20,4.52
6/6/2023,10:30:55,-12.0904197692,-76.9536666870,246.70,4.52
6/6/2023,10:30:58,-12.0904998779,-76.9536514282,247.90,4.52
6/6/2023,10:31:1,-12.0905599594,-76.9536209106,248.70,4.52
6/6/2023,10:31:4,-12.0906200408,-76.9535980224,248.60,4.52
6/6/2023,10:31:7,-12.0906896591,-76.9535675048,249.30,4.52
6/6/2023,10:31:10,-12.0907497406,-76.9535369873,248.30,4.52
6/6/2023,10:31:13,-12.0908002853,-76.9534988403,246.40,4.52
6/6/2023,10:31:16,-12.0908603668,-76.9534683227,246.50,4.52
6/6/2023,10:31:19,-12.0909204483,-76.9534378051,246.50,4.52
6/6/2023,10:35:56,-12.0959796905,-76.9519577026,251.10,7.06
6/6/2023,10:35:59,-12.0960302352,-76.9519424438,250.00,7.06
6/6/2023,11:10:5,-12.1114902496,-76.9393920898,310.70,2.85
